,id_user,test_id,parallel_lang,age,speciality,known_langs,ans_cnt
0,15574352,1,No Parallel Text,bak,no,"[pol, czk, srb, ukr, bel]",36
1,16426041,1,No Parallel Text,fin,no,[ukr],43
2,29111408,1,No Parallel Text,bak,no,[],35
3,82442459,1,No Parallel Text,bak,no,"[pol, czk, srb, ukr, bel]",42
4,89074025,1,No Parallel Text,mag,no,[],34
5,92555730,1,No Parallel Text,bak,no,[],30
6,102754731,1,No Parallel Text,bak,no,[],34
7,114528272,1,No Parallel Text,mag,no,"[pol, czk, srb, ukr, bel]",36
8,117707224,1,No Parallel Text,bak,no,"[pol, czk, srb, ukr, bel]",27
9,143171791,1,No Parallel Text,bak,no,"[pol, czk, srb, ukr, bel]",33
10,189436041,1,No Parallel Text,bak,no,[ukr],38
11,201058554,1,No Parallel Text,bak,no,[],38
12,203726041,1,No Parallel Text,fin,unk,[],43
13,227586041,1,No Parallel Text,fin,no,[oth],30
14,247085703,1,No Parallel Text,unk,no,[ukr],43
15,249366041,1,No Parallel Text,bak,no,[oth],42
16,257600935,1,No Parallel Text,bak,yes,[ukr],43
17,285216041,1,No Parallel Text,bak,no,[oth],43
18,321505730,1,No Parallel Text,fin,no,[oth],40
19,351343315,1,No Parallel Text,bak,no,[],43
20,367851747,1,No Parallel Text,bak,no,[bel],23
21,376921318,1,No Parallel Text,bak,no,[],42
22,377032357,1,No Parallel Text,bak,no,"[pol, czk, srb, ukr, bel]",30
23,409495970,1,No Parallel Text,fin,no,[],27
24,412455730,1,No Parallel Text,asp,no,[],43
25,462736041,1,No Parallel Text,fin,no,[],40
26,486296041,1,No Parallel Text,fin,no,[oth],43
27,498671030,1,No Parallel Text,fin,no,"[pol, czk, srb, ukr, bel]",43
28,513645271,1,No Parallel Text,bak,no,[],37
29,522743791,1,No Parallel Text,sch,no,"[pol, czk, srb, ukr, bel]",36
30,532683290,1,No Parallel Text,bak,no,"[pol, czk, srb, ukr, bel]",43
31,536596041,1,No Parallel Text,fin,no,[],43
32,546402188,1,No Parallel Text,bak,yes,"[pol, czk, srb, ukr, bel]",33
33,551233326,1,No Parallel Text,bak,yes,"[pol, czk, srb, ukr, bel]",24
34,569836041,1,No Parallel Text,sch,no,[ukr],43
35,666726041,1,No Parallel Text,sch,no,[oth],43
36,676802573,1,No Parallel Text,bak,yes,[oth],41
37,705886041,1,No Parallel Text,fin,no,[ukr],42
38,767095703,1,No Parallel Text,unk,unk,[],42
39,837986041,1,No Parallel Text,fin,no,[ukr],40
40,881766041,1,No Parallel Text,fin,no,[oth],29
41,909705801,1,No Parallel Text,bak,no,[],41
42,934336041,1,No Parallel Text,mag,yes,[oth],42
43,985926041,1,No Parallel Text,bak,no,[],39
44,2956720,1,Polish,fin,no,[],43
45,43538469,1,Polish,bak,no,[],10
46,71776618,1,Polish,bak,no,[],31
47,82824571,1,Polish,bak,no,[],40
48,85836041,1,Polish,sch,no,"[ukr, oth]",36
49,117596041,1,Polish,bak,yes,[oth],43
50,120105730,1,Polish,fin,no,[],43
51,230673385,1,Polish,bak,no,[oth],38
52,255183309,1,Polish,fin,no,[ukr],43
53,292255703,1,Polish,fin,no,[oth],38
54,350490518,1,Polish,fin,yes,[],41
55,353235703,1,Polish,bak,no,"[ukr, bel]",37
56,356538717,1,Polish,bak,no,[],41
57,372785730,1,Polish,fin,yes,[],43
58,437031942,1,Polish,bak,no,[],18
59,513260229,1,Polish,bak,yes,[],43
60,522401585,1,Polish,bak,no,[oth],36
61,525775426,1,Polish,bak,no,[],13
62,546066041,1,Polish,bak,no,[],43
63,579076558,1,Polish,unk,unk,[],41
64,590586041,1,Polish,bak,no,[],37
65,603926431,1,Polish,bak,no,[],26
66,646351803,1,Polish,bak,no,[],24
67,678100724,1,Polish,bak,no,[],12
68,690863616,1,Polish,bak,no,[],43
69,704305703,1,Polish,fin,no,[oth],42
70,713903091,1,Polish,bak,no,[],13
71,736384210,1,Polish,bak,no,[],12
72,768114531,1,Polish,unk,unk,[],42
73,791095730,1,Polish,bak,no,[oth],43
74,811850316,1,Polish,fin,yes,[],29
75,812685730,1,Polish,fin,no,[ukr],43
76,836235867,1,Polish,bak,yes,[],43
77,894025703,1,Polish,fin,no,[],43
78,931936237,1,Polish,bak,no,[oth],34
79,954186041,1,Polish,fin,no,[oth],41
80,39706041,1,Serbian,bak,no,[],43
81,78416041,1,Serbian,fin,no,[],42
82,86906041,1,Serbian,bak,no,"[ukr, oth]",43
83,142202308,1,Serbian,mag,yes,[],30
84,155145344,1,Serbian,bak,no,[ukr],37
85,162664594,1,Serbian,sch,yes,[],38
86,177635730,1,Serbian,bak,no,[oth],43
87,195615312,1,Serbian,bak,yes,[],32
88,287007087,1,Serbian,bak,no,[],41
89,294546041,1,Serbian,sch,no,[],43
90,308605703,1,Serbian,fin,no,[oth],43
91,330145776,1,Serbian,bak,no,[],39
92,369490339,1,Serbian,bak,no,[],43
93,431577451,1,Serbian,sch,no,[ukr],42
94,453696041,1,Serbian,sch,no,[],37
95,469886872,1,Serbian,fin,yes,[],36
96,475370649,1,Serbian,unk,unk,[],38
97,505457089,1,Serbian,fin,no,[],32
98,521064963,1,Serbian,bak,no,[],40
99,525869219,1,Serbian,fin,no,[],35
100,586155730,1,Serbian,mag,yes,"[pol, ukr, bel]",38
101,611385703,1,Serbian,bak,no,[oth],43
102,636070053,1,Serbian,bak,no,[ukr],20
103,693723322,1,Serbian,fin,no,[ukr],39
104,706255730,1,Serbian,mag,no,"[ukr, bel]",34
105,738195442,1,Serbian,bak,no,[oth],29
106,769545730,1,Serbian,bak,no,[],43
107,773426714,1,Serbian,bak,no,[],15
108,800041090,1,Serbian,mag,yes,[czk],43
109,812066041,1,Serbian,fin,no,[],42
110,816970628,1,Serbian,bak,no,"[pol, bel, oth]",9
111,847765730,1,Serbian,sch,no,[ukr],43
112,898401425,1,Serbian,sch,no,[],32
113,930355756,1,Serbian,fin,no,[],40
114,947076041,1,Serbian,unk,unk,[],41
115,950422373,1,Serbian,bak,no,[],27
116,998856120,1,Serbian,mag,no,[],38
117,19606041,1,Czech,fin,yes,[],37
118,25554931,1,Czech,fin,no,[],25
119,49429691,1,Czech,bak,no,[],35
120,78301410,1,Czech,bak,no,[ukr],43
121,79332727,1,Czech,bak,no,[],17
122,98795730,1,Czech,fin,no,"[ukr, oth]",32
123,100805730,1,Czech,bak,yes,[oth],41
124,146123088,1,Czech,sch,yes,[],37
125,199745730,1,Czech,mag,no,[],14
126,222141280,1,Czech,bak,no,[oth],10
127,296975730,1,Czech,fin,no,[oth],43
128,304462554,1,Czech,fin,yes,"[pol, bel, oth]",41
129,333686041,1,Czech,bak,no,[],41
130,341965730,1,Czech,bak,no,[],42
131,370743309,1,Czech,fin,no,[],43
132,400235730,1,Czech,fin,no,[oth],42
133,409706041,1,Czech,fin,no,[ukr],43
134,434207127,1,Czech,bak,no,[],43
135,489525703,1,Czech,bak,no,[oth],12
136,493251169,1,Czech,mag,yes,[],25
137,586932490,1,Czech,bak,no,[],25
138,601905510,1,Czech,fin,no,[bel],37
139,614076041,1,Czech,fin,yes,[ukr],43
140,645671796,1,Czech,bak,yes,[],25
141,661586041,1,Czech,sch,no,[oth],43
142,734354836,1,Czech,fin,yes,[],37
143,747936118,1,Czech,bak,no,[],39
144,757558902,1,Czech,bak,no,[],40
145,762133485,1,Czech,bak,no,[],43
146,794805653,1,Czech,bak,no,[],39
147,838586041,1,Czech,fin,no,[ukr],36
148,842217126,1,Czech,bak,no,[],15
149,874050611,1,Czech,bak,no,[],32
150,898638543,1,Czech,bak,no,[],38
151,918950085,1,Czech,bak,no,[],11
152,931836041,1,Czech,sch,no,[oth],18
153,947432603,1,Czech,bak,no,[oth],43
154,13285703,1,Ukranian,sch,yes,[oth],39
155,27596041,1,Ukranian,fin,no,[oth],22
156,61595214,1,Ukranian,bak,no,[],35
157,116208399,1,Ukranian,fin,no,[],43
158,131136041,1,Ukranian,fin,yes,[],43
159,144697766,1,Ukranian,bak,no,[],30
160,145354836,1,Ukranian,bak,no,[],30
161,145426041,1,Ukranian,fin,no,[oth],43
162,158980909,1,Ukranian,sch,no,[],42
163,217695014,1,Ukranian,mag,no,[],42
164,251901865,1,Ukranian,mag,no,[],41
165,286299228,1,Ukranian,bak,yes,[czk],43
166,321225730,1,Ukranian,unk,unk,[],43
167,374126117,1,Ukranian,sch,no,[oth],30
168,377722608,1,Ukranian,mag,no,[],37
169,443277565,1,Ukranian,unk,unk,[],43
170,447145730,1,Ukranian,mag,no,[],43
171,475059565,1,Ukranian,bak,no,[oth],42
172,478666041,1,Ukranian,unk,unk,[],41
173,478816041,1,Ukranian,bak,yes,[oth],35
174,480366041,1,Ukranian,mag,no,[oth],43
175,496257966,1,Ukranian,fin,yes,[czk],42
176,497787688,1,Ukranian,bak,no,[oth],42
177,526470348,1,Ukranian,bak,no,[],33
178,556931304,1,Ukranian,sch,no,[],31
179,598936041,1,Ukranian,bak,no,[oth],43
180,622278418,1,Ukranian,mag,no,[],41
181,635893125,1,Ukranian,bak,no,[],37
182,661386089,1,Ukranian,bak,no,[],39
183,669250479,1,Ukranian,fin,no,[],18
184,682545703,1,Ukranian,unk,unk,[],21
185,709575703,1,Ukranian,bak,no,[],43
186,740895730,1,Ukranian,bak,no,[],43
187,842286041,1,Ukranian,mag,no,[],43
188,868305730,1,Ukranian,fin,no,[],43
189,874226403,1,Ukranian,unk,unk,[],42
190,940160014,1,Ukranian,sch,no,[],39
191,991055730,1,Ukranian,fin,yes,[],42
192,12029443,1,Belorussian,mag,no,[],31
193,46215703,1,Belorussian,mag,no,[],41
194,162826041,1,Belorussian,mag,no,[oth],38
195,171713409,1,Belorussian,fin,no,[],42
196,186776041,1,Belorussian,sch,no,[oth],12
197,230768033,1,Belorussian,sch,unk,[],37
198,246158653,1,Belorussian,sch,no,[ukr],42
199,247774490,1,Belorussian,bak,no,[oth],42
200,249733486,1,Belorussian,fin,no,[],42
201,263510232,1,Belorussian,bak,yes,[],42
202,266845703,1,Belorussian,bak,no,[],43
203,281751384,1,Belorussian,mag,yes,[],38
204,300313485,1,Belorussian,bak,no,[],43
205,382075730,1,Belorussian,fin,no,[],40
206,404313409,1,Belorussian,bak,no,[oth],43
207,428441815,1,Belorussian,bak,no,[],39
208,464721956,1,Belorussian,mag,yes,[oth],32
209,475436354,1,Belorussian,bak,yes,[],41
210,477884543,1,Belorussian,bak,yes,[ukr],40
211,482740481,1,Belorussian,sch,no,[],37
212,510563673,1,Belorussian,bak,unk,[],40
213,518156041,1,Belorussian,bak,yes,[],43
214,562387346,1,Belorussian,unk,unk,[],40
215,565894069,1,Belorussian,sch,no,[],15
216,602050685,1,Belorussian,bak,no,[oth],42
217,624630617,1,Belorussian,bak,no,[ukr],42
218,645072903,1,Belorussian,bak,yes,[oth],39
219,668126041,1,Belorussian,sch,no,[ukr],42
220,746606041,1,Belorussian,fin,no,[],22
221,891846020,1,Belorussian,bak,no,[],42
222,920145703,1,Belorussian,bak,yes,[oth],38
223,942126041,1,Belorussian,fin,no,[],41
224,950685730,1,Belorussian,sch,no,[oth],43
225,958788072,1,Belorussian,bak,no,[],33
226,964195730,1,Belorussian,asp,yes,[],43
227,970214449,1,Belorussian,bak,no,[],25
228,970585730,1,Belorussian,fin,no,[oth],41
229,972767016,1,Belorussian,sch,no,[oth],39
230,105426041,1,Slovak,mag,no,"[ukr, oth]",41
231,115686041,1,Slovak,mag,no,[oth],33
232,131736041,1,Slovak,fin,yes,[oth],38
233,150025730,1,Slovak,bak,no,[oth],43
234,176015730,1,Slovak,fin,no,[oth],43
235,178026041,1,Slovak,fin,no,[],38
236,183469099,1,Slovak,bak,yes,[oth],32
237,188418340,1,Slovak,bak,no,"[ukr, bel, oth]",38
238,197795730,1,Slovak,fin,no,[],42
239,201935362,1,Slovak,bak,no,[ukr],16
240,230334700,1,Slovak,bak,no,[oth],38
241,231272081,1,Slovak,bak,no,[],33
242,241426041,1,Slovak,fin,no,[],39
243,244956041,1,Slovak,fin,no,[oth],43
244,247096561,1,Slovak,bak,yes,[ukr],29
245,247430646,1,Slovak,bak,yes,[oth],43
246,278396041,1,Slovak,fin,no,[ukr],42
247,293310144,1,Slovak,bak,no,[],42
248,302050130,1,Slovak,sch,yes,[ukr],35
249,312696041,1,Slovak,mag,no,[],19
250,332756041,1,Slovak,mag,no,[],41
251,362266041,1,Slovak,fin,no,[oth],10
252,369666041,1,Slovak,mag,no,[oth],33
253,381126041,1,Slovak,asp,no,[oth],32
254,406161967,1,Slovak,bak,no,[oth],43
255,412731697,1,Slovak,sch,no,[],40
256,416046041,1,Slovak,bak,no,[],40
257,436286041,1,Slovak,fin,no,[oth],42
258,445459971,1,Slovak,bak,no,"[pol, ukr, bel]",37
259,447186041,1,Slovak,fin,yes,[],43
260,467126041,1,Slovak,bak,no,[oth],43
261,487394911,1,Slovak,mag,no,[],36
262,492588190,1,Slovak,bak,no,"[ukr, bel]",7
263,503096041,1,Slovak,unk,unk,[],30
264,504018040,1,Slovak,fin,no,[],31
265,527386041,1,Slovak,mag,no,[],33
266,529596041,1,Slovak,unk,unk,[],43
267,535056041,1,Slovak,bak,no,[],32
268,579075703,1,Slovak,asp,no,[],32
269,596056041,1,Slovak,fin,no,[ukr],34
270,607555730,1,Slovak,bak,no,"[ukr, oth]",43
271,613479309,1,Slovak,bak,no,[oth],35
272,641196041,1,Slovak,bak,no,[],32
273,656806041,1,Slovak,unk,unk,[],23
274,670936041,1,Slovak,mag,no,[oth],43
275,677345490,1,Slovak,mag,yes,[],14
276,679976041,1,Slovak,bak,no,[ukr],43
277,685906041,1,Slovak,bak,no,[pol],43
278,694806041,1,Slovak,mag,no,[oth],42
279,724796041,1,Slovak,bak,no,[],43
280,725637709,1,Slovak,mag,no,"[ukr, oth]",26
281,728356041,1,Slovak,bak,yes,[],18
282,741687496,1,Slovak,fin,no,[],39
283,767936041,1,Slovak,fin,no,[ukr],41
284,783283505,1,Slovak,bak,no,[],43
285,819367487,1,Slovak,bak,no,[],43
286,828466041,1,Slovak,fin,no,[oth],42
287,846536041,1,Slovak,fin,no,[],43
288,864736041,1,Slovak,fin,yes,[oth],20
289,865650398,1,Slovak,bak,no,[ukr],43
290,868226041,1,Slovak,bak,no,[oth],37
291,870946041,1,Slovak,mag,yes,[],32
292,900766041,1,Slovak,bak,no,[ukr],30
293,902265633,1,Slovak,mag,no,[],14
294,933066041,1,Slovak,fin,no,[oth],41
295,935336041,1,Slovak,bak,unk,[ukr],40
296,949575730,1,Slovak,fin,no,[oth],43
297,989016041,1,Slovak,sch,no,[ukr],40
298,992706041,1,Slovak,unk,unk,[],33
299,12989556,1,Bulgarian,bak,yes,[ukr],35
300,17245703,1,Bulgarian,fin,yes,[],42
301,48729611,1,Bulgarian,bak,no,[ukr],40
302,64786041,1,Bulgarian,bak,no,[oth],42
303,65605025,1,Bulgarian,mag,yes,[],39
304,78499698,1,Bulgarian,fin,no,[],43
305,102569456,1,Bulgarian,bak,no,[ukr],34
306,124012204,1,Bulgarian,bak,no,[],32
307,139215730,1,Bulgarian,unk,no,[ukr],38
308,149071966,1,Bulgarian,fin,no,[ukr],40
309,173753309,1,Bulgarian,fin,no,[],43
310,275486041,1,Bulgarian,sch,yes,[],8
311,277952527,1,Bulgarian,fin,unk,[],43
312,316015703,1,Bulgarian,fin,no,[oth],43
313,343214246,1,Bulgarian,fin,no,[],41
314,392033499,1,Bulgarian,bak,yes,[],38
315,426876041,1,Bulgarian,fin,no,"[ukr, bel]",21
316,432192757,1,Bulgarian,bak,no,"[czk, srb, ukr, bel]",42
317,520046327,1,Bulgarian,fin,no,[],38
318,525806786,1,Bulgarian,fin,no,[],42
319,544706041,1,Bulgarian,bak,yes,[],42
320,563300249,1,Bulgarian,bak,no,[],13
321,571943582,1,Bulgarian,fin,no,[czk],43
322,582057451,1,Bulgarian,fin,no,[],31
323,606226041,1,Bulgarian,sch,no,[oth],43
324,682735730,1,Bulgarian,sch,no,[oth],34
325,690677364,1,Bulgarian,bak,no,[],23
326,698465273,1,Bulgarian,unk,unk,[],39
327,703653305,1,Bulgarian,bak,yes,[],28
328,753585730,1,Bulgarian,bak,no,[oth],41
329,757205730,1,Bulgarian,sch,no,[oth],43
330,785887413,1,Bulgarian,mag,yes,"[pol, ukr]",39
331,834983411,1,Bulgarian,fin,no,[czk],31
332,865281525,1,Bulgarian,fin,no,[ukr],32
333,976585703,1,Bulgarian,mag,yes,[oth],43
334,988755703,1,Bulgarian,fin,no,[oth],40
335,995646041,1,Bulgarian,fin,no,[],41
336,15913309,1,Slovene,fin,no,[],38
337,45043209,1,Slovene,sch,no,[oth],26
338,65933209,1,Slovene,mag,yes,"[pol, czk, ukr, bel, oth]",43
339,75163209,1,Slovene,fin,no,[oth],43
340,95603309,1,Slovene,bak,no,[],12
341,123973209,1,Slovene,fin,no,[oth],43
342,142703209,1,Slovene,fin,no,[],32
343,168841906,1,Slovene,bak,yes,[],42
344,191143309,1,Slovene,fin,no,[],40
345,201083209,1,Slovene,bak,no,[czk],34
346,207193309,1,Slovene,fin,yes,[],28
347,211133309,1,Slovene,fin,no,[oth],43
348,262153309,1,Slovene,fin,no,[oth],43
349,293233209,1,Slovene,fin,no,[oth],19
350,331743209,1,Slovene,fin,no,[],43
351,419913309,1,Slovene,asp,no,[bel],35
352,433003209,1,Slovene,unk,unk,[],31
353,435233309,1,Slovene,sch,yes,[ukr],39
354,451313209,1,Slovene,mag,no,[],43
355,502303209,1,Slovene,bak,no,[],43
356,506043309,1,Slovene,fin,no,"[ukr, bel]",43
357,523683309,1,Slovene,unk,no,[],42
358,541243309,1,Slovene,sch,no,[],15
359,560713209,1,Slovene,mag,no,[],30
360,604603309,1,Slovene,fin,no,[],43
361,654143209,1,Slovene,sch,no,[oth],43
362,662283309,1,Slovene,mag,no,"[pol, czk, ukr, bel]",29
363,675063209,1,Slovene,fin,no,[],40
364,676723309,1,Slovene,unk,unk,[],37
365,689703209,1,Slovene,fin,no,"[ukr, bel]",39
366,702573209,1,Slovene,sch,no,[],42
367,709893209,1,Slovene,fin,no,[oth],43
368,758383209,1,Slovene,mag,no,[oth],19
369,790653209,1,Slovene,unk,unk,[],41
370,906013209,1,Slovene,fin,no,[],21
371,909061883,1,Slovene,bak,yes,[],26
372,912013209,1,Slovene,fin,no,[],40
373,1776041,2,No Parallel Text,fin,yes,[oth],40
374,6456041,2,No Parallel Text,bak,yes,[ukr],40
375,10226041,2,No Parallel Text,bak,no,[oth],40
376,24056041,2,No Parallel Text,sch,yes,[oth],40
377,36946041,2,No Parallel Text,bak,no,[oth],39
378,44633213,2,No Parallel Text,bak,yes,"[pol, czk, srb, ukr, bel]",40
379,86640985,2,No Parallel Text,bak,no,"[pol, czk, srb, ukr, bel]",40
380,97026041,2,No Parallel Text,fin,no,[],40
381,135275703,2,No Parallel Text,unk,unk,[],35
382,135511423,2,No Parallel Text,fin,no,"[pol, czk, srb, ukr, bel]",38
383,188625670,2,No Parallel Text,bak,no,"[pol, czk, srb, ukr, bel]",40
384,203565970,2,No Parallel Text,bak,yes,[ukr],40
385,228216041,2,No Parallel Text,fin,no,[],35
386,303226041,2,No Parallel Text,unk,unk,[],38
387,333135730,2,No Parallel Text,fin,no,[ukr],40
388,338433417,2,No Parallel Text,mag,yes,"[pol, czk, srb, ukr, bel]",40
389,341026041,2,No Parallel Text,fin,yes,[oth],40
390,343837633,2,No Parallel Text,bak,no,[],40
391,348256583,2,No Parallel Text,fin,no,[oth],39
392,362790145,2,No Parallel Text,bak,yes,"[pol, czk, srb, ukr, bel]",40
393,373166041,2,No Parallel Text,unk,unk,[],40
394,381235605,2,No Parallel Text,bak,no,"[pol, czk, srb, ukr, bel]",27
395,457678194,2,No Parallel Text,sch,yes,[],39
396,481755703,2,No Parallel Text,mag,no,[oth],40
397,496325730,2,No Parallel Text,fin,no,[ukr],39
398,529864326,2,No Parallel Text,mag,yes,"[srb, oth]",40
399,579706041,2,No Parallel Text,bak,no,"[czk, ukr, bel]",12
400,599356816,2,No Parallel Text,bak,no,[oth],37
401,614991349,2,No Parallel Text,bak,no,"[ukr, bel]",38
402,647955730,2,No Parallel Text,sch,yes,[ukr],40
403,674776041,2,No Parallel Text,fin,no,[oth],40
404,687135703,2,No Parallel Text,fin,no,[],40
405,688196041,2,No Parallel Text,fin,no,[],40
406,768826041,2,No Parallel Text,mag,no,[],38
407,769744522,2,No Parallel Text,bak,no,"[pol, czk, srb, ukr, bel]",39
408,781677361,2,No Parallel Text,bak,yes,"[pol, czk, srb, ukr, bel]",39
409,782905703,2,No Parallel Text,mag,yes,[oth],40
410,799095703,2,No Parallel Text,fin,no,[],40
411,825409957,2,No Parallel Text,sch,no,[],40
412,828965703,2,No Parallel Text,fin,no,[oth],40
413,830156041,2,No Parallel Text,sch,no,[ukr],40
414,917997013,2,No Parallel Text,bak,yes,"[pol, czk, srb, ukr, bel]",33
415,924316041,2,No Parallel Text,sch,no,[oth],40
416,954706554,2,No Parallel Text,bak,no,[],38
417,968307722,2,No Parallel Text,bak,no,[],40
418,990188887,2,No Parallel Text,bak,yes,"[pol, czk, srb, ukr, bel]",32
419,6256041,2,Polish,bak,yes,[],40
420,31244114,2,Polish,fin,no,[],25
421,39296677,2,Polish,mag,yes,[],40
422,87620896,2,Polish,unk,unk,[bel],40
423,89444197,2,Polish,unk,unk,[],40
424,91276041,2,Polish,fin,no,[oth],40
425,95253154,2,Polish,fin,no,[],35
426,105915433,2,Polish,sch,no,[],37
427,193629314,2,Polish,bak,no,[],34
428,256626041,2,Polish,bak,yes,[oth],39
429,263376041,2,Polish,bak,no,[],40
430,292346041,2,Polish,fin,no,[oth],40
431,292816041,2,Polish,unk,no,[],40
432,299176041,2,Polish,fin,no,[bel],39
433,301335305,2,Polish,unk,unk,[],40
434,342620561,2,Polish,bak,no,[oth],32
435,353969801,2,Polish,unk,unk,[],20
436,381146041,2,Polish,fin,no,[ukr],37
437,395879997,2,Polish,unk,unk,[],33
438,473417439,2,Polish,fin,no,[],36
439,473696883,2,Polish,bak,yes,[bel],35
440,489975730,2,Polish,fin,no,[oth],40
441,503805730,2,Polish,unk,unk,[],39
442,504026041,2,Polish,unk,no,[],37
443,526635730,2,Polish,unk,unk,[],36
444,543985922,2,Polish,bak,no,[],35
445,567705400,2,Polish,bak,no,[],28
446,567976041,2,Polish,mag,no,[oth],35
447,597396041,2,Polish,fin,yes,[],37
448,644726041,2,Polish,fin,no,[oth],33
449,654955421,2,Polish,bak,no,[],34
450,674592235,2,Polish,bak,no,[],32
451,698916041,2,Polish,fin,yes,[],20
452,725626451,2,Polish,bak,no,[],26
453,749735916,2,Polish,bak,no,[],20
454,793416041,2,Polish,sch,no,[oth],40
455,815221240,2,Polish,bak,no,[],36
456,824731994,2,Polish,sch,no,[oth],32
457,832961235,2,Polish,asp,yes,[],32
458,886065262,2,Polish,bak,no,[oth],32
459,908306041,2,Polish,fin,no,[ukr],40
460,927716041,2,Polish,fin,no,[oth],40
461,938136041,2,Polish,sch,no,[oth],39
462,952429996,2,Polish,sch,no,[],33
463,51096041,2,Serbian,fin,no,[],40
464,61725730,2,Serbian,unk,unk,[],36
465,62355073,2,Serbian,sch,unk,[],37
466,67496041,2,Serbian,fin,no,[],23
467,67825730,2,Serbian,fin,unk,[],34
468,73865730,2,Serbian,unk,no,"[ukr, bel]",40
469,147354161,2,Serbian,fin,no,[],39
470,222705296,2,Serbian,mag,no,[],31
471,232025995,2,Serbian,fin,no,[],40
472,273345503,2,Serbian,mag,no,[],29
473,312063309,2,Serbian,bak,no,[oth],13
474,358940030,2,Serbian,sch,no,[oth],32
475,396785971,2,Serbian,unk,unk,[],36
476,443205730,2,Serbian,fin,no,[ukr],40
477,455799205,2,Serbian,bak,no,[],19
478,462775703,2,Serbian,bak,yes,[oth],35
479,494896041,2,Serbian,bak,yes,[oth],39
480,579146041,2,Serbian,sch,no,[oth],40
481,584091791,2,Serbian,sch,no,[],37
482,599174373,2,Serbian,bak,no,[],23
483,607633797,2,Serbian,sch,no,[ukr],11
484,615855979,2,Serbian,bak,yes,[],40
485,623089386,2,Serbian,fin,no,[],25
486,627886041,2,Serbian,sch,yes,[oth],40
487,631966041,2,Serbian,bak,no,[ukr],16
488,653988362,2,Serbian,sch,unk,[],30
489,683425703,2,Serbian,bak,no,[],40
490,735075703,2,Serbian,unk,unk,[],37
491,738942592,2,Serbian,bak,yes,[],28
492,746719682,2,Serbian,mag,yes,"[pol, ukr, bel, svk]",40
493,750126536,2,Serbian,bak,no,[],34
494,783626806,2,Serbian,bak,no,[ukr],10
495,864623118,2,Serbian,bak,no,[],40
496,865896838,2,Serbian,fin,no,[],40
497,910610300,2,Serbian,fin,yes,"[czk, ukr, oth]",33
498,941123475,2,Serbian,bak,no,[],18
499,986127626,2,Serbian,bak,no,[],40
500,9623310,2,Czech,bak,no,[ukr],36
501,18845703,2,Czech,mag,no,"[ukr, bel]",40
502,30266041,2,Czech,fin,no,[oth],33
503,46321316,2,Czech,fin,no,[oth],38
504,77215730,2,Czech,fin,no,[ukr],38
505,79140933,2,Czech,bak,no,[oth],32
506,119262028,2,Czech,fin,no,[oth],37
507,129716041,2,Czech,bak,unk,"[ukr, bel, oth]",40
508,136132682,2,Czech,fin,yes,"[pol, ukr]",40
509,142226871,2,Czech,bak,no,[],32
510,147586041,2,Czech,bak,no,[oth],40
511,159541862,2,Czech,fin,yes,[],21
512,186938092,2,Czech,sch,yes,[],39
513,194813438,2,Czech,bak,no,[],39
514,283538970,2,Czech,bak,no,[ukr],9
515,347066426,2,Czech,fin,no,[],39
516,390955730,2,Czech,fin,no,[oth],39
517,396718611,2,Czech,unk,no,[],38
518,427163409,2,Czech,bak,no,[],10
519,444735730,2,Czech,fin,no,[],39
520,450959941,2,Czech,bak,no,[],32
521,490396041,2,Czech,sch,no,[oth],40
522,583883498,2,Czech,bak,no,[],33
523,586946652,2,Czech,bak,no,[],23
524,594866041,2,Czech,sch,no,[ukr],40
525,629210522,2,Czech,mag,yes,[],37
526,630786041,2,Czech,unk,unk,[],14
527,640243409,2,Czech,fin,no,[],40
528,662883078,2,Czech,mag,no,[oth],38
529,706526041,2,Czech,mag,yes,[ukr],40
530,710424675,2,Czech,bak,no,[],9
531,757534259,2,Czech,bak,no,[oth],27
532,806657802,2,Czech,bak,no,[],39
533,834095730,2,Czech,fin,no,[],40
534,888535730,2,Czech,fin,no,[ukr],39
535,936405599,2,Czech,bak,yes,[ukr],33
536,972488639,2,Czech,mag,no,[oth],40
537,999789397,2,Czech,fin,no,[],35
538,31675018,2,Ukranian,bak,no,[oth],39
539,37035226,2,Ukranian,bak,yes,[],40
540,57795733,2,Ukranian,bak,no,[],39
541,85973309,2,Ukranian,bak,yes,[oth],40
542,102196041,2,Ukranian,sch,no,[],40
543,134410696,2,Ukranian,bak,no,[],39
544,156357319,2,Ukranian,mag,no,[],40
545,156860927,2,Ukranian,bak,no,[],33
546,248029287,2,Ukranian,bak,no,[],39
547,310348081,2,Ukranian,sch,no,[],38
548,313737835,2,Ukranian,bak,no,[],33
549,430555730,2,Ukranian,fin,no,[oth],40
550,462025730,2,Ukranian,fin,no,[],32
551,468013148,2,Ukranian,bak,no,[],38
552,475225730,2,Ukranian,sch,no,[],40
553,486083409,2,Ukranian,fin,no,[],40
554,506536041,2,Ukranian,sch,no,[oth],34
555,538215703,2,Ukranian,bak,no,[oth],37
556,571221648,2,Ukranian,fin,no,[],39
557,581839931,2,Ukranian,bak,no,[],33
558,611833125,2,Ukranian,bak,no,[oth],37
559,638722962,2,Ukranian,bak,no,[],40
560,651886041,2,Ukranian,fin,no,[],27
561,658306337,2,Ukranian,bak,no,[],34
562,664095730,2,Ukranian,asp,yes,[],40
563,677825703,2,Ukranian,fin,no,[],24
564,699851227,2,Ukranian,bak,no,[oth],34
565,761901654,2,Ukranian,bak,no,[],36
566,781201077,2,Ukranian,bak,yes,"[czk, bel]",40
567,788020958,2,Ukranian,bak,no,[],36
568,791006041,2,Ukranian,mag,no,[],36
569,822845568,2,Ukranian,bak,no,[],12
570,869909434,2,Ukranian,mag,no,[],40
571,908335703,2,Ukranian,fin,no,[],36
572,924686041,2,Ukranian,sch,no,[],40
573,926007430,2,Ukranian,bak,no,[oth],9
574,939061456,2,Ukranian,bak,yes,[],39
575,26683169,2,Belorussian,sch,no,[ukr],38
576,52034456,2,Belorussian,bak,no,[],28
577,58994362,2,Belorussian,bak,no,[],38
578,109546041,2,Belorussian,mag,yes,[oth],35
579,144412012,2,Belorussian,sch,no,[],33
580,152056041,2,Belorussian,fin,no,[],39
581,221930229,2,Belorussian,fin,no,[oth],24
582,238278703,2,Belorussian,fin,no,[],38
583,275456041,2,Belorussian,bak,no,[oth],38
584,313849535,2,Belorussian,bak,no,[],15
585,332926041,2,Belorussian,unk,unk,[],38
586,374874243,2,Belorussian,bak,no,[oth],40
587,501655703,2,Belorussian,mag,no,[oth],40
588,502559279,2,Belorussian,bak,no,[],23
589,513775703,2,Belorussian,bak,no,[ukr],37
590,596638273,2,Belorussian,bak,no,[],37
591,614088400,2,Belorussian,fin,no,[],35
592,626406041,2,Belorussian,mag,yes,[ukr],40
593,657107490,2,Belorussian,mag,no,[oth],39
594,699766715,2,Belorussian,sch,yes,[oth],37
595,707909682,2,Belorussian,asp,no,[ukr],35
596,736745730,2,Belorussian,fin,no,[ukr],39
597,740221886,2,Belorussian,unk,unk,[],37
598,783720240,2,Belorussian,mag,yes,[oth],35
599,794278315,2,Belorussian,sch,no,[],40
600,802055730,2,Belorussian,mag,no,[oth],40
601,805893160,2,Belorussian,bak,no,[],39
602,811306041,2,Belorussian,sch,no,[],31
603,829646454,2,Belorussian,bak,no,[oth],31
604,859183309,2,Belorussian,fin,no,[],40
605,872018004,2,Belorussian,bak,yes,[oth],40
606,876015730,2,Belorussian,fin,no,[oth],38
607,912195730,2,Belorussian,fin,no,[oth],40
608,927186041,2,Belorussian,asp,no,[oth],38
609,956398712,2,Belorussian,asp,yes,[oth],37
610,964800090,2,Belorussian,bak,no,[],38
611,980473309,2,Belorussian,fin,no,[ukr],38
612,999789396,2,Belorussian,bak,yes,[],40
613,14644718,2,Slovak,bak,no,[oth],39
614,28029144,2,Slovak,unk,unk,[],39
615,37236041,2,Slovak,fin,no,[oth],40
616,93656041,2,Slovak,fin,no,[oth],40
617,117566041,2,Slovak,bak,no,[oth],40
618,157205730,2,Slovak,fin,no,[oth],33
619,189786041,2,Slovak,bak,no,[],38
620,191991048,2,Slovak,bak,no,[],18
621,198863788,2,Slovak,mag,no,[],38
622,218050577,2,Slovak,bak,no,[ukr],18
623,244426041,2,Slovak,bak,no,[oth],40
624,258465030,2,Slovak,bak,yes,"[pol, czk, srb]",39
625,264846041,2,Slovak,sch,yes,[],40
626,287286041,2,Slovak,sch,no,[ukr],39
627,312686041,2,Slovak,fin,yes,[ukr],35
628,325090010,2,Slovak,mag,yes,"[pol, ukr]",40
629,332536041,2,Slovak,fin,no,[bel],37
630,333811302,2,Slovak,asp,yes,"[pol, srb]",39
631,334546041,2,Slovak,mag,no,[],40
632,339446041,2,Slovak,fin,no,[],38
633,361236041,2,Slovak,fin,no,"[ukr, oth]",38
634,406966041,2,Slovak,unk,unk,[],38
635,427696041,2,Slovak,sch,no,"[ukr, bel]",40
636,451850563,2,Slovak,bak,no,[],38
637,451975730,2,Slovak,bak,no,[],13
638,517645703,2,Slovak,mag,no,[],27
639,523026041,2,Slovak,bak,no,[oth],38
640,543056041,2,Slovak,bak,no,[],39
641,558106041,2,Slovak,bak,yes,[bel],39
642,594075730,2,Slovak,bak,no,"[ukr, bel, oth]",39
643,603540586,2,Slovak,bak,no,[],40
644,611835563,2,Slovak,sch,yes,[],37
645,628356041,2,Slovak,fin,no,[],39
646,640727958,2,Slovak,bak,no,[],37
647,642643212,2,Slovak,mag,yes,[],25
648,648186041,2,Slovak,fin,no,[oth],11
649,654746041,2,Slovak,unk,unk,[],39
650,657295703,2,Slovak,fin,no,[oth],39
651,658766041,2,Slovak,unk,unk,[],36
652,700774972,2,Slovak,sch,no,[oth],38
653,705976041,2,Slovak,fin,no,[oth],40
654,706736041,2,Slovak,mag,no,[],40
655,713356694,2,Slovak,sch,no,[ukr],10
656,716864675,2,Slovak,unk,unk,[],40
657,739315703,2,Slovak,sch,no,[oth],16
658,753005703,2,Slovak,bak,no,[oth],37
659,767479019,2,Slovak,fin,no,[],39
660,776376041,2,Slovak,bak,no,[],38
661,779399076,2,Slovak,bak,unk,[],38
662,840005730,2,Slovak,fin,no,[ukr],40
663,852486041,2,Slovak,fin,no,[],36
664,886556041,2,Slovak,fin,no,[oth],40
665,927642940,2,Slovak,bak,no,[],27
666,937836041,2,Slovak,sch,no,[ukr],38
667,940536041,2,Slovak,bak,no,"[bel, oth]",23
668,942797120,2,Slovak,fin,no,[],38
669,949796041,2,Slovak,bak,no,[oth],11
670,961549925,2,Slovak,fin,no,[],37
671,999596583,2,Slovak,bak,no,[],30
672,67535730,2,Bulgarian,fin,no,[],36
673,73175730,2,Bulgarian,fin,yes,[],38
674,74561159,2,Bulgarian,bak,no,[oth],39
675,128795916,2,Bulgarian,asp,no,[],37
676,154705730,2,Bulgarian,bak,no,[oth],40
677,207205703,2,Bulgarian,fin,no,[],40
678,209445730,2,Bulgarian,unk,unk,[],22
679,212432036,2,Bulgarian,bak,no,[ukr],37
680,224315730,2,Bulgarian,fin,no,"[pol, bel]",34
681,307931829,2,Bulgarian,bak,no,[],37
682,310835730,2,Bulgarian,sch,no,[],40
683,322708393,2,Bulgarian,bak,yes,[],37
684,351430036,2,Bulgarian,bak,no,[],30
685,407816041,2,Bulgarian,bak,no,[oth],38
686,438243535,2,Bulgarian,fin,no,[pol],34
687,448954894,2,Bulgarian,fin,no,[ukr],40
688,465742554,2,Bulgarian,bak,no,[],31
689,512114351,2,Bulgarian,bak,yes,[],33
690,545685703,2,Bulgarian,unk,unk,[],38
691,561132390,2,Bulgarian,bak,no,[ukr],37
692,565088070,2,Bulgarian,fin,no,[],39
693,634541321,2,Bulgarian,bak,no,[],40
694,658426041,2,Bulgarian,mag,no,"[pol, ukr]",39
695,693956041,2,Bulgarian,bak,no,[ukr],35
696,754316174,2,Bulgarian,fin,no,[],39
697,768733248,2,Bulgarian,asp,no,[oth],39
698,770875818,2,Bulgarian,mag,yes,[],38
699,784904783,2,Bulgarian,sch,unk,[],33
700,797509504,2,Bulgarian,fin,no,[ukr],36
701,858808978,2,Bulgarian,mag,yes,[],34
702,889932700,2,Bulgarian,sch,no,[],34
703,910105730,2,Bulgarian,fin,no,[ukr],38
704,973783952,2,Bulgarian,bak,yes,[],38
705,991006773,2,Bulgarian,fin,no,[],40
706,996546041,2,Bulgarian,mag,no,[],38
707,997910237,2,Bulgarian,bak,no,[ukr],8
708,998206312,2,Bulgarian,unk,no,[],21
709,16523209,2,Slovene,fin,no,[ukr],40
710,39383209,2,Slovene,bak,no,[],40
711,89176738,2,Slovene,fin,no,[],38
712,92903209,2,Slovene,fin,no,[],40
713,206643209,2,Slovene,fin,yes,[oth],40
714,220433309,2,Slovene,fin,no,[oth],40
715,241153209,2,Slovene,fin,no,"[ukr, oth]",25
716,252643209,2,Slovene,unk,unk,[],40
717,253933209,2,Slovene,bak,no,[],40
718,289373309,2,Slovene,bak,no,[oth],40
719,433423209,2,Slovene,mag,no,[],38
720,452973309,2,Slovene,bak,no,[],33
721,462353309,2,Slovene,fin,no,[],40
722,463613209,2,Slovene,fin,no,[],40
723,473883309,2,Slovene,unk,unk,[],37
724,478273309,2,Slovene,mag,no,[ukr],40
725,493633209,2,Slovene,unk,unk,[],40
726,495173309,2,Slovene,sch,no,[],40
727,505893209,2,Slovene,fin,no,[oth],38
728,574833209,2,Slovene,fin,yes,[],21
729,578403209,2,Slovene,fin,no,[],39
730,595713309,2,Slovene,fin,no,[],37
731,598233209,2,Slovene,unk,unk,[],40
732,626833209,2,Slovene,fin,no,[],39
733,684223309,2,Slovene,mag,yes,[ukr],40
734,709843209,2,Slovene,bak,no,[oth],39
735,729013309,2,Slovene,fin,no,[],20
736,759643209,2,Slovene,fin,no,[oth],40
737,780603309,2,Slovene,bak,no,[oth],40
738,831373309,2,Slovene,fin,no,[],40
739,890183309,2,Slovene,unk,unk,[],38
740,925683209,2,Slovene,fin,no,[],39
741,936383309,2,Slovene,unk,unk,[],38
742,949703309,2,Slovene,bak,no,[],34
743,973153209,2,Slovene,sch,no,[oth],23
744,981663209,2,Slovene,fin,no,[oth],39
745,999744448,2,Slovene,mag,yes,[],40
746,3723209,3,No Parallel Text,fin,no,[],30
747,165623309,3,No Parallel Text,fin,no,[],35
748,174493309,3,No Parallel Text,bak,yes,[czk],28
749,184133209,3,No Parallel Text,fin,no,[],35
750,200193309,3,No Parallel Text,bak,no,[],35
751,315333309,3,No Parallel Text,bak,no,[],35
752,353883309,3,No Parallel Text,bak,no,[oth],35
753,392873309,3,No Parallel Text,sch,no,[oth],35
754,475253209,3,No Parallel Text,fin,no,[ukr],35
755,525103209,3,No Parallel Text,unk,no,[],35
756,566743309,3,No Parallel Text,fin,yes,[],35
757,663133309,3,No Parallel Text,unk,unk,[],35
758,793283309,3,No Parallel Text,fin,no,[oth],22
759,831483309,3,No Parallel Text,bak,no,[],35
760,849703309,3,No Parallel Text,fin,no,[oth],35
761,908863309,3,No Parallel Text,fin,yes,[],35
762,961433409,3,No Parallel Text,fin,no,[],35
763,1109709299,3,No Parallel Text,unk2,unk2,[],31
764,1148438146,3,No Parallel Text,unk2,unk2,[],35
765,1164616884,3,No Parallel Text,unk2,unk2,[],35
766,1240097662,3,No Parallel Text,unk2,unk2,[],35
767,1444865570,3,No Parallel Text,unk2,unk2,[],16
768,1502541804,3,No Parallel Text,unk2,unk2,[],30
769,1557963925,3,No Parallel Text,unk2,unk2,[],33
770,1595222384,3,No Parallel Text,unk2,unk2,[],35
771,1627589007,3,No Parallel Text,unk2,unk2,[],13
772,1650249870,3,No Parallel Text,unk2,unk2,[],34
773,1659205498,3,No Parallel Text,unk2,unk2,[],35
774,1667475959,3,No Parallel Text,unk2,unk2,[],35
775,1673825458,3,No Parallel Text,unk2,unk2,[],35
776,1749159811,3,No Parallel Text,unk2,unk2,[],34
777,1772653042,3,No Parallel Text,unk2,unk2,[],34
778,1792985450,3,No Parallel Text,unk2,unk2,[],35
779,1901462901,3,No Parallel Text,unk2,unk2,[],30
780,1906501074,3,No Parallel Text,unk2,unk2,[],27
781,1915932415,3,No Parallel Text,unk2,unk2,[],35
782,1985656975,3,No Parallel Text,unk2,unk2,[],35
783,19223209,3,Polish,fin,no,[],35
784,42833309,3,Polish,fin,no,[oth],35
785,114883209,3,Polish,bak,no,[ukr],35
786,169855575,3,Polish,unk2,unk2,[],35
787,176307538,3,Polish,unk2,unk2,[],35
788,185213028,3,Polish,unk2,unk2,[],13
789,196773209,3,Polish,fin,no,[],35
790,238973309,3,Polish,mag,no,[oth],35
791,296873309,3,Polish,bak,yes,[oth],32
792,360823209,3,Polish,mag,no,[oth],35
793,387003209,3,Polish,bak,no,[oth],35
794,394603309,3,Polish,fin,no,[oth],33
795,475343309,3,Polish,fin,no,[oth],35
796,499673309,3,Polish,fin,no,[oth],29
797,550453309,3,Polish,bak,no,[],35
798,600383309,3,Polish,bak,no,[oth],35
799,616863209,3,Polish,fin,no,[oth],35
800,679383309,3,Polish,fin,yes,[oth],32
801,681073309,3,Polish,fin,no,[],35
802,684783309,3,Polish,fin,no,[],35
803,755693309,3,Polish,bak,no,[ukr],35
804,937703309,3,Polish,bak,yes,[oth],35
805,966043309,3,Polish,sch,no,[oth],28
806,1171684663,3,Polish,unk2,unk2,[],21
807,1197061316,3,Polish,unk2,unk2,[],32
808,1197581064,3,Polish,unk2,unk2,[],35
809,1239279611,3,Polish,unk2,unk2,[],18
810,1253746603,3,Polish,unk2,unk2,[],35
811,1262862278,3,Polish,unk2,unk2,[],35
812,1378524541,3,Polish,unk2,unk2,[],22
813,1524838473,3,Polish,unk2,unk2,[],25
814,1526597568,3,Polish,unk2,unk2,[],35
815,1569992079,3,Polish,unk2,unk2,[],35
816,1651416746,3,Polish,unk2,unk2,[],25
817,1707174419,3,Polish,unk2,unk2,[],31
818,1779941122,3,Polish,unk2,unk2,[],17
819,1787871339,3,Polish,unk2,unk2,[],15
820,1975090044,3,Polish,unk2,unk2,[],25
821,12783409,3,Serbian,mag,no,[],34
822,44293409,3,Serbian,fin,no,"[ukr, bel]",35
823,86593409,3,Serbian,mag,no,[oth],35
824,89233409,3,Serbian,mag,no,[oth],35
825,107783409,3,Serbian,fin,no,[],35
826,152353409,3,Serbian,fin,no,[oth],35
827,235073409,3,Serbian,unk,unk,[],35
828,259503409,3,Serbian,fin,no,[oth],35
829,303573409,3,Serbian,bak,yes,"[ukr, bel]",35
830,306833409,3,Serbian,unk,unk,[],35
831,312153409,3,Serbian,fin,yes,[],35
832,362593409,3,Serbian,fin,no,[oth],34
833,383323409,3,Serbian,fin,no,[oth],35
834,399353409,3,Serbian,bak,no,[ukr],35
835,421463409,3,Serbian,mag,yes,[pol],35
836,444293409,3,Serbian,mag,yes,[],35
837,491163409,3,Serbian,fin,no,[],35
838,528813409,3,Serbian,unk,unk,[],35
839,550383409,3,Serbian,mag,no,[oth],35
840,550853409,3,Serbian,fin,no,[oth],35
841,566523409,3,Serbian,fin,no,[],35
842,583233409,3,Serbian,mag,no,[ukr],35
843,613373409,3,Serbian,fin,yes,[],35
844,646413409,3,Serbian,sch,no,[oth],34
845,683193409,3,Serbian,fin,no,[],35
846,723863409,3,Serbian,fin,no,[],35
847,727213409,3,Serbian,bak,no,[oth],33
848,867723409,3,Serbian,fin,yes,[],34
849,878243409,3,Serbian,bak,no,[oth],35
850,915783409,3,Serbian,fin,no,[],35
851,944113409,3,Serbian,fin,no,[bel],35
852,965863409,3,Serbian,fin,no,[oth],35
853,17583309,3,Czech,fin,yes,[],32
854,46583309,3,Czech,unk,unk,[],28
855,62933309,3,Czech,fin,no,[ukr],34
856,100213309,3,Czech,fin,no,[oth],35
857,116862412,3,Czech,unk2,unk2,[],34
858,121616302,3,Czech,unk2,unk2,[],33
859,239563309,3,Czech,unk,unk,[],33
860,259683409,3,Czech,fin,no,[],27
861,388153309,3,Czech,fin,no,[],31
862,417793309,3,Czech,unk,unk,[],14
863,427473209,3,Czech,sch,no,[],35
864,459473309,3,Czech,bak,unk,[oth],24
865,628733309,3,Czech,unk,unk,[],14
866,724343309,3,Czech,fin,no,[oth],35
867,727513309,3,Czech,bak,no,[oth],32
868,771363209,3,Czech,bak,no,[oth],35
869,952093309,3,Czech,fin,no,[],32
870,973703209,3,Czech,mag,yes,[],35
871,1120730125,3,Czech,unk2,unk2,[],7
872,1120792020,3,Czech,unk2,unk2,[],35
873,1162393346,3,Czech,unk2,unk2,[],35
874,1166261676,3,Czech,unk2,unk2,[],17
875,1183425805,3,Czech,unk2,unk2,[],26
876,1201304874,3,Czech,unk2,unk2,[],35
877,1308429160,3,Czech,unk2,unk2,[],22
878,1457937784,3,Czech,unk2,unk2,[],35
879,1525960146,3,Czech,unk2,unk2,[],33
880,1562157951,3,Czech,unk2,unk2,[],20
881,1605306965,3,Czech,unk2,unk2,[],7
882,1649938910,3,Czech,unk2,unk2,[],7
883,1650788713,3,Czech,unk2,unk2,[],34
884,1756718359,3,Czech,unk2,unk2,[],23
885,1804035107,3,Czech,unk2,unk2,[],13
886,1817081834,3,Czech,unk2,unk2,[],30
887,1863098478,3,Czech,unk2,unk2,[],35
888,1868727784,3,Czech,unk2,unk2,[],19
889,1921376435,3,Czech,unk2,unk2,[],35
890,5573309,3,Ukranian,unk,unk,[],35
891,41943309,3,Ukranian,fin,no,[oth],30
892,112883309,3,Ukranian,bak,yes,[srb],35
893,141673309,3,Ukranian,fin,no,[],26
894,142924052,3,Ukranian,unk2,unk2,[],35
895,167421488,3,Ukranian,unk2,unk2,[],32
896,172833209,3,Ukranian,mag,no,[oth],35
897,215213309,3,Ukranian,fin,no,[],35
898,306373309,3,Ukranian,bak,no,[oth],34
899,355363309,3,Ukranian,fin,no,[],30
900,385863309,3,Ukranian,unk,no,[oth],21
901,573453309,3,Ukranian,bak,no,[],35
902,604223309,3,Ukranian,mag,no,[oth],35
903,607363309,3,Ukranian,fin,no,[],27
904,659153309,3,Ukranian,fin,no,[],35
905,683213309,3,Ukranian,mag,no,[],33
906,706183309,3,Ukranian,bak,no,[],33
907,913783209,3,Ukranian,fin,no,[],35
908,919793209,3,Ukranian,fin,no,[],35
909,1182496489,3,Ukranian,unk2,unk2,[],23
910,1346821668,3,Ukranian,unk2,unk2,[],32
911,1395674301,3,Ukranian,unk2,unk2,[],32
912,1439104471,3,Ukranian,unk2,unk2,[],35
913,1456772012,3,Ukranian,unk2,unk2,[],35
914,1552360023,3,Ukranian,unk2,unk2,[],35
915,1644254627,3,Ukranian,unk2,unk2,[],34
916,1655588306,3,Ukranian,unk2,unk2,[],28
917,1678607820,3,Ukranian,unk2,unk2,[],34
918,1683052263,3,Ukranian,unk2,unk2,[],30
919,1701668292,3,Ukranian,unk2,unk2,[],33
920,1783234490,3,Ukranian,unk2,unk2,[],34
921,1783756846,3,Ukranian,unk2,unk2,[],32
922,1796590658,3,Ukranian,unk2,unk2,[],35
923,1822868009,3,Ukranian,unk2,unk2,[],35
924,1869719439,3,Ukranian,unk2,unk2,[],35
925,1884788724,3,Ukranian,unk2,unk2,[],35
926,1988745029,3,Ukranian,unk2,unk2,[],29
927,8553309,3,Belorussian,bak,no,[oth],35
928,48183209,3,Belorussian,fin,no,[],33
929,59293209,3,Belorussian,bak,no,[],35
930,63363309,3,Belorussian,bak,no,"[ukr, oth]",35
931,110144811,3,Belorussian,unk2,unk2,[],33
932,188476722,3,Belorussian,unk2,unk2,[],35
933,237393309,3,Belorussian,sch,no,[],35
934,256973309,3,Belorussian,fin,no,[ukr],33
935,320393209,3,Belorussian,fin,no,[],28
936,390053309,3,Belorussian,bak,no,"[ukr, oth]",35
937,428263309,3,Belorussian,fin,no,[ukr],34
938,458583309,3,Belorussian,fin,no,[],33
939,587613209,3,Belorussian,bak,no,"[ukr, oth]",27
940,613833309,3,Belorussian,sch,yes,[],33
941,676853309,3,Belorussian,mag,no,[],35
942,721243409,3,Belorussian,fin,no,[ukr],33
943,787203309,3,Belorussian,fin,no,[oth],28
944,815663309,3,Belorussian,fin,no,[ukr],25
945,827863309,3,Belorussian,fin,no,[],35
946,881873209,3,Belorussian,fin,no,[],34
947,881883309,3,Belorussian,fin,yes,"[ukr, oth]",35
948,1175297459,3,Belorussian,unk2,unk2,[],33
949,1237311607,3,Belorussian,unk2,unk2,[],33
950,1242039967,3,Belorussian,unk2,unk2,[],35
951,1247649031,3,Belorussian,unk2,unk2,[],27
952,1253483742,3,Belorussian,unk2,unk2,[],35
953,1373603257,3,Belorussian,unk2,unk2,[],34
954,1399756578,3,Belorussian,unk2,unk2,[],25
955,1441281858,3,Belorussian,unk2,unk2,[],31
956,1449477573,3,Belorussian,unk2,unk2,[],29
957,1604556861,3,Belorussian,unk2,unk2,[],34
958,1682140817,3,Belorussian,unk2,unk2,[],34
959,1685576003,3,Belorussian,unk2,unk2,[],26
960,1756698177,3,Belorussian,unk2,unk2,[],30
961,1776472656,3,Belorussian,unk2,unk2,[],35
962,1839279928,3,Belorussian,unk2,unk2,[],25
963,1880528688,3,Belorussian,unk2,unk2,[],34
964,16623209,3,Slovak,sch,no,[],35
965,105763309,3,Slovak,unk,unk,[],34
966,121813209,3,Slovak,bak,no,[oth],35
967,148033309,3,Slovak,bak,no,[],35
968,148863209,3,Slovak,fin,no,[oth],35
969,162463209,3,Slovak,bak,no,[ukr],35
970,261453309,3,Slovak,bak,unk,[],32
971,270913309,3,Slovak,sch,no,[],35
972,296593309,3,Slovak,bak,no,[oth],35
973,336273309,3,Slovak,fin,no,[],35
974,367453309,3,Slovak,mag,no,[oth],34
975,394353309,3,Slovak,fin,no,[ukr],31
976,404273209,3,Slovak,fin,yes,[oth],32
977,405323209,3,Slovak,fin,no,[],30
978,413873209,3,Slovak,fin,unk,[pol],24
979,414853309,3,Slovak,fin,no,[oth],33
980,452923209,3,Slovak,fin,no,[],34
981,456283209,3,Slovak,bak,no,[],26
982,461573209,3,Slovak,fin,no,[],32
983,490073209,3,Slovak,unk,unk,[oth],28
984,496283309,3,Slovak,fin,no,[ukr],34
985,516993309,3,Slovak,fin,no,[oth],31
986,551383209,3,Slovak,fin,no,[],31
987,555143209,3,Slovak,fin,no,[],34
988,602853309,3,Slovak,bak,no,[],35
989,608753209,3,Slovak,fin,no,[],34
990,651413209,3,Slovak,unk,unk,[],34
991,691213209,3,Slovak,unk,no,[oth],35
992,702473209,3,Slovak,unk,no,[],35
993,759393209,3,Slovak,sch,no,[oth],26
994,793113309,3,Slovak,mag,no,[oth],29
995,845243209,3,Slovak,fin,no,[ukr],35
996,883763209,3,Slovak,bak,no,[],27
997,916463209,3,Slovak,fin,no,[ukr],35
998,923463209,3,Slovak,unk,unk,[],34
999,931703309,3,Slovak,fin,no,[],35
1000,967483209,3,Slovak,fin,yes,[ukr],34
1001,973433309,3,Slovak,sch,yes,[],35
1002,991293309,3,Slovak,fin,no,[],16
1003,23993309,3,Bulgarian,unk,unk,[],34
1004,194645450,3,Bulgarian,unk2,unk2,[],35
1005,232583309,3,Bulgarian,fin,no,[],26
1006,270823309,3,Bulgarian,bak,no,[],35
1007,333973309,3,Bulgarian,fin,no,[],35
1008,436443209,3,Bulgarian,mag,no,"[ukr, bel]",27
1009,446063309,3,Bulgarian,fin,no,"[ukr, bel]",35
1010,449273309,3,Bulgarian,bak,no,[oth],35
1011,473203209,3,Bulgarian,fin,no,"[ukr, oth]",35
1012,489013309,3,Bulgarian,sch,no,[],35
1013,595233209,3,Bulgarian,bak,no,[],10
1014,678233309,3,Bulgarian,fin,no,[],27
1015,767443309,3,Bulgarian,mag,no,[],28
1016,825893309,3,Bulgarian,bak,no,[ukr],31
1017,878493209,3,Bulgarian,fin,yes,[],35
1018,938543309,3,Bulgarian,bak,no,[oth],34
1019,993143309,3,Bulgarian,bak,no,"[pol, czk, ukr, bel]",35
1020,1166636860,3,Bulgarian,unk2,unk2,[],30
1021,1199565659,3,Bulgarian,unk2,unk2,[],24
1022,1210752350,3,Bulgarian,unk2,unk2,[],35
1023,1410003305,3,Bulgarian,unk2,unk2,[],35
1024,1418107290,3,Bulgarian,unk2,unk2,[],35
1025,1475912198,3,Bulgarian,unk2,unk2,[],27
1026,1512163149,3,Bulgarian,unk2,unk2,[],22
1027,1515817744,3,Bulgarian,unk2,unk2,[],35
1028,1525963350,3,Bulgarian,unk2,unk2,[],35
1029,1599505603,3,Bulgarian,unk2,unk2,[],33
1030,1624431639,3,Bulgarian,unk2,unk2,[],35
1031,1637584472,3,Bulgarian,unk2,unk2,[],35
1032,1650723811,3,Bulgarian,unk2,unk2,[],35
1033,1715458785,3,Bulgarian,unk2,unk2,[],35
1034,1717470589,3,Bulgarian,unk2,unk2,[],22
1035,1749731021,3,Bulgarian,unk2,unk2,[],34
1036,1852610904,3,Bulgarian,unk2,unk2,[],33
1037,1870913093,3,Bulgarian,unk2,unk2,[],34
1038,1888775239,3,Bulgarian,unk2,unk2,[],24
1039,1984950565,3,Bulgarian,unk2,unk2,[],24
1040,5780291,3,Slovene,bak,no,"[pol, ukr]",35
1041,30423209,3,Slovene,unk,unk,[],35
1042,43893209,3,Slovene,fin,yes,[ukr],34
1043,49113209,3,Slovene,bak,no,[oth],35
1044,81113209,3,Slovene,bak,no,[oth],32
1045,87513309,3,Slovene,mag,no,[oth],35
1046,88243209,3,Slovene,sch,no,[ukr],35
1047,97322166,3,Slovene,sch,yes,[],34
1048,149763309,3,Slovene,bak,no,[oth],35
1049,232571716,3,Slovene,mag,yes,[],35
1050,248353209,3,Slovene,mag,no,[ukr],35
1051,272903309,3,Slovene,fin,no,[bel],35
1052,282270324,3,Slovene,mag,no,[],35
1053,311113309,3,Slovene,bak,no,[],35
1054,313653309,3,Slovene,fin,yes,"[pol, srb, ukr]",34
1055,323093309,3,Slovene,fin,no,[oth],35
1056,345523309,3,Slovene,sch,no,"[ukr, bel]",33
1057,374163209,3,Slovene,mag,no,[ukr],31
1058,398593309,3,Slovene,fin,no,[ukr],35
1059,426793309,3,Slovene,bak,no,[oth],22
1060,465423209,3,Slovene,unk,no,[],31
1061,485003209,3,Slovene,fin,no,[],21
1062,505363209,3,Slovene,fin,no,[],35
1063,562443309,3,Slovene,bak,no,[oth],34
1064,597223209,3,Slovene,bak,yes,[oth],34
1065,606563309,3,Slovene,unk,unk,[],21
1066,654793209,3,Slovene,bak,yes,"[pol, ukr]",27
1067,671853209,3,Slovene,bak,no,[],35
1068,728543209,3,Slovene,fin,no,[bel],35
1069,739493209,3,Slovene,fin,no,[],35
1070,750773309,3,Slovene,fin,yes,[],35
1071,768983309,3,Slovene,fin,no,[oth],35
1072,863763209,3,Slovene,sch,no,[oth],34
1073,864553209,3,Slovene,fin,no,"[pol, ukr, bel]",35
1074,869963309,3,Slovene,fin,no,[oth],35
1075,901713209,3,Slovene,fin,no,[],35
1076,904573209,3,Slovene,bak,yes,[oth],35
1077,933363309,3,Slovene,fin,no,[],35
1078,5483003,4,No Parallel Text,fin,no,[],43
1079,6646041,4,No Parallel Text,sch,no,[],27
1080,8685703,4,No Parallel Text,fin,no,[oth],44
1081,36445730,4,No Parallel Text,fin,no,[ukr],43
1082,40936043,4,No Parallel Text,fin,no,[ukr],41
1083,46696041,4,No Parallel Text,fin,no,[oth],43
1084,70553003,4,No Parallel Text,fin,no,[],44
1085,73259513,4,No Parallel Text,bak,yes,[],43
1086,109975703,4,No Parallel Text,unk,unk,[],39
1087,119556043,4,No Parallel Text,fin,unk,[oth],44
1088,168023003,4,No Parallel Text,fin,yes,[],44
1089,182336628,4,No Parallel Text,mag,yes,[],31
1090,196755730,4,No Parallel Text,mag,no,"[ukr, bel]",44
1091,206406043,4,No Parallel Text,bak,no,[ukr],44
1092,222076043,4,No Parallel Text,fin,no,"[pol, ukr, bel]",44
1093,265376041,4,No Parallel Text,fin,no,[oth],43
1094,281156043,4,No Parallel Text,bak,no,[ukr],43
1095,283293003,4,No Parallel Text,fin,no,"[ukr, bel]",41
1096,285396043,4,No Parallel Text,fin,no,[oth],44
1097,299426041,4,No Parallel Text,asp,no,[],37
1098,305076041,4,No Parallel Text,fin,no,[],44
1099,310676041,4,No Parallel Text,bak,yes,[],44
1100,317336041,4,No Parallel Text,fin,no,[ukr],38
1101,322296043,4,No Parallel Text,bak,no,[ukr],37
1102,339453003,4,No Parallel Text,fin,no,[],44
1103,348856043,4,No Parallel Text,bak,no,[],40
1104,359646041,4,No Parallel Text,unk,unk,[],44
1105,372836041,4,No Parallel Text,sch,no,[oth],44
1106,396756043,4,No Parallel Text,bak,no,"[ukr, bel]",44
1107,397026041,4,No Parallel Text,sch,no,[],37
1108,401265703,4,No Parallel Text,bak,no,[],21
1109,402856041,4,No Parallel Text,fin,no,[],44
1110,418656041,4,No Parallel Text,fin,no,[oth],44
1111,437136041,4,No Parallel Text,unk,unk,[],44
1112,440855258,4,No Parallel Text,mag,yes,[oth],42
1113,447933003,4,No Parallel Text,fin,no,[oth],44
1114,448275730,4,No Parallel Text,mag,no,[ukr],44
1115,454823096,4,No Parallel Text,bak,no,[],40
1116,470475703,4,No Parallel Text,bak,no,[],44
1117,479156043,4,No Parallel Text,mag,no,[],44
1118,487913003,4,No Parallel Text,bak,no,[oth],44
1119,496053003,4,No Parallel Text,bak,yes,[ukr],44
1120,506553003,4,No Parallel Text,bak,no,"[ukr, bel]",44
1121,556553003,4,No Parallel Text,fin,no,[],44
1122,568206043,4,No Parallel Text,fin,no,[ukr],43
1123,573636043,4,No Parallel Text,unk,unk,[oth],44
1124,574396041,4,No Parallel Text,fin,yes,"[pol, ukr]",43
1125,659136043,4,No Parallel Text,fin,no,[oth],44
1126,698516043,4,No Parallel Text,fin,no,[oth],44
1127,730916043,4,No Parallel Text,bak,yes,[ukr],43
1128,735876041,4,No Parallel Text,fin,no,[oth],44
1129,740383003,4,No Parallel Text,fin,no,[],43
1130,741263003,4,No Parallel Text,fin,no,[],36
1131,783326043,4,No Parallel Text,fin,no,[],44
1132,802876043,4,No Parallel Text,fin,no,[],42
1133,823266041,4,No Parallel Text,bak,no,[oth],44
1134,842913003,4,No Parallel Text,fin,no,[],43
1135,856026041,4,No Parallel Text,fin,yes,[oth],44
1136,867704981,4,No Parallel Text,fin,no,[oth],39
1137,904426043,4,No Parallel Text,sch,no,[oth],40
1138,918236043,4,No Parallel Text,fin,no,[],44
1139,919805730,4,No Parallel Text,bak,yes,[],44
1140,943236150,4,No Parallel Text,bak,no,[oth],34
1141,949543003,4,No Parallel Text,sch,no,[],44
1142,978085703,4,No Parallel Text,fin,no,[],38
1143,8865730,4,Polish,fin,no,[],42
1144,14413003,4,Polish,fin,no,[oth],21
1145,30236041,4,Polish,asp,no,[oth],44
1146,31666041,4,Polish,fin,no,[],7
1147,34586043,4,Polish,fin,yes,[],39
1148,70930690,4,Polish,asp,no,[],37
1149,95846041,4,Polish,fin,no,[oth],44
1150,116066043,4,Polish,fin,no,[],35
1151,127896043,4,Polish,fin,no,[oth],43
1152,133297951,4,Polish,bak,yes,[ukr],36
1153,144366041,4,Polish,fin,no,[],37
1154,195256043,4,Polish,fin,no,[ukr],38
1155,226076043,4,Polish,fin,no,[],43
1156,235923003,4,Polish,sch,yes,[bel],44
1157,249216041,4,Polish,unk,unk,[],19
1158,269246041,4,Polish,mag,no,[oth],44
1159,275566043,4,Polish,bak,no,[ukr],19
1160,285806043,4,Polish,fin,no,[],44
1161,307876043,4,Polish,fin,no,[oth],44
1162,309856041,4,Polish,fin,no,[],42
1163,310646041,4,Polish,sch,no,[ukr],28
1164,311613003,4,Polish,sch,no,[ukr],44
1165,318633003,4,Polish,mag,no,[],44
1166,321566043,4,Polish,bak,no,[oth],43
1167,333566043,4,Polish,fin,no,"[bel, oth]",42
1168,335093003,4,Polish,bak,yes,"[srb, ukr, oth]",42
1169,351605703,4,Polish,bak,no,[oth],44
1170,358975703,4,Polish,bak,yes,[ukr],44
1171,367215703,4,Polish,mag,no,"[ukr, bel]",44
1172,403066041,4,Polish,unk,unk,[],44
1173,441226043,4,Polish,mag,no,[],41
1174,484703003,4,Polish,fin,no,[],38
1175,495196041,4,Polish,mag,no,[ukr],44
1176,510816043,4,Polish,fin,no,"[ukr, bel]",44
1177,542946043,4,Polish,fin,no,[oth],36
1178,543926043,4,Polish,unk,no,[bel],36
1179,546466041,4,Polish,sch,no,[],32
1180,568646041,4,Polish,fin,unk,[],41
1181,573336043,4,Polish,fin,no,[oth],44
1182,578837659,4,Polish,bak,yes,[bel],28
1183,582803003,4,Polish,bak,no,[oth],40
1184,609036043,4,Polish,bak,unk,[oth],9
1185,622713003,4,Polish,bak,no,[],41
1186,639756043,4,Polish,unk,unk,[],42
1187,659786043,4,Polish,unk,unk,[],38
1188,667786041,4,Polish,mag,no,[oth],42
1189,680726043,4,Polish,fin,yes,"[ukr, oth]",44
1190,686086043,4,Polish,fin,no,[oth],38
1191,700886043,4,Polish,fin,no,[],43
1192,702175703,4,Polish,mag,yes,"[ukr, bel]",44
1193,703025703,4,Polish,fin,no,[ukr],43
1194,705936026,4,Polish,bak,no,[oth],41
1195,709706041,4,Polish,mag,no,[oth],44
1196,713915730,4,Polish,bak,no,[],44
1197,714736041,4,Polish,fin,no,[],39
1198,716486043,4,Polish,bak,no,[ukr],32
1199,716726041,4,Polish,mag,no,[],41
1200,722996041,4,Polish,bak,no,"[ukr, bel, oth]",44
1201,751485703,4,Polish,fin,no,[],44
1202,753933003,4,Polish,sch,no,[],42
1203,756986041,4,Polish,sch,no,[svk],19
1204,777996041,4,Polish,fin,no,[],43
1205,778804376,4,Polish,bak,no,[],33
1206,801683003,4,Polish,fin,no,[],44
1207,802725730,4,Polish,fin,no,[ukr],39
1208,804496043,4,Polish,fin,no,[],44
1209,805723003,4,Polish,fin,no,[oth],44
1210,805885730,4,Polish,unk,unk,[],44
1211,817136043,4,Polish,fin,no,[],43
1212,819723003,4,Polish,bak,no,[],44
1213,821785703,4,Polish,fin,no,[],44
1214,827436043,4,Polish,bak,no,[oth],43
1215,851156041,4,Polish,fin,no,[ukr],16
1216,851596043,4,Polish,fin,no,[],28
1217,943905293,4,Polish,bak,no,[],35
1218,944816043,4,Polish,bak,no,[ukr],41
1219,953396041,4,Polish,bak,no,"[srb, ukr]",44
1220,962466043,4,Polish,bak,no,[],40
1221,998746041,4,Polish,fin,no,[],44
1222,17013409,4,Serbian,bak,no,[],41
1223,26943409,4,Serbian,bak,no,[oth],43
1224,48643409,4,Serbian,mag,no,[],44
1225,50973409,4,Serbian,mag,no,[oth],44
1226,118483409,4,Serbian,sch,no,[oth],36
1227,124323409,4,Serbian,fin,no,[],44
1228,134333409,4,Serbian,unk,unk,[],44
1229,227433409,4,Serbian,fin,no,[],41
1230,242023409,4,Serbian,mag,no,[oth],44
1231,248893409,4,Serbian,fin,no,[],43
1232,262783409,4,Serbian,fin,no,[oth],9
1233,309143409,4,Serbian,bak,no,[oth],44
1234,340133409,4,Serbian,sch,no,[],29
1235,388853409,4,Serbian,bak,no,[oth],40
1236,416543409,4,Serbian,sch,unk,[],35
1237,443033409,4,Serbian,mag,no,[],39
1238,501683409,4,Serbian,fin,no,[],44
1239,580553409,4,Serbian,sch,no,[bel],44
1240,594823409,4,Serbian,fin,no,[],42
1241,625253409,4,Serbian,bak,no,[oth],44
1242,679573409,4,Serbian,bak,no,[],28
1243,687563409,4,Serbian,bak,no,[oth],17
1244,786593409,4,Serbian,fin,yes,[oth],31
1245,792453409,4,Serbian,mag,no,"[czk, ukr]",44
1246,808433409,4,Serbian,sch,no,"[ukr, oth]",37
1247,812743409,4,Serbian,mag,no,[oth],41
1248,824233409,4,Serbian,unk,unk,[],44
1249,838943409,4,Serbian,mag,no,[oth],39
1250,853173409,4,Serbian,fin,no,[],43
1251,880763409,4,Serbian,fin,no,[ukr],44
1252,899903409,4,Serbian,fin,no,[],37
1253,924663409,4,Serbian,fin,unk,[],44
1254,950263409,4,Serbian,fin,no,[ukr],44
1255,983253409,4,Serbian,mag,yes,[],44
1256,12225703,4,Czech,fin,no,[],33
1257,108796041,4,Czech,fin,no,[],44
1258,117015703,4,Czech,bak,no,[oth],42
1259,156885703,4,Czech,fin,no,[oth],43
1260,200935730,4,Czech,fin,no,[oth],39
1261,206305703,4,Czech,fin,yes,[],43
1262,208015703,4,Czech,bak,no,"[ukr, bel]",44
1263,218225703,4,Czech,fin,no,[oth],44
1264,242085703,4,Czech,sch,no,"[ukr, bel]",44
1265,242656041,4,Czech,sch,no,[oth],44
1266,347516041,4,Czech,fin,no,[oth],8
1267,359655703,4,Czech,mag,no,[],24
1268,373605703,4,Czech,sch,no,[oth],44
1269,420905703,4,Czech,fin,yes,[oth],44
1270,432155703,4,Czech,fin,no,[oth],29
1271,432376041,4,Czech,sch,no,[],43
1272,448185703,4,Czech,fin,yes,[oth],43
1273,451355703,4,Czech,fin,no,[oth],40
1274,469036041,4,Czech,fin,no,[],31
1275,469716041,4,Czech,fin,no,[],43
1276,575965730,4,Czech,bak,no,[],41
1277,578216041,4,Czech,sch,yes,[oth],33
1278,591365730,4,Czech,sch,no,[oth],40
1279,596683003,4,Czech,fin,no,[ukr],42
1280,653125703,4,Czech,mag,no,[oth],43
1281,659295703,4,Czech,mag,no,[oth],43
1282,661813003,4,Czech,fin,no,[],38
1283,662936041,4,Czech,fin,no,[oth],27
1284,693236041,4,Czech,fin,no,[],37
1285,711245703,4,Czech,fin,no,[ukr],44
1286,712275703,4,Czech,fin,no,[oth],44
1287,736626041,4,Czech,bak,no,[bel],44
1288,749125703,4,Czech,fin,no,[],44
1289,755845703,4,Czech,bak,no,[oth],44
1290,765955703,4,Czech,bak,no,[oth],44
1291,798736041,4,Czech,fin,no,[oth],28
1292,805385703,4,Czech,bak,no,[ukr],44
1293,871275730,4,Czech,fin,no,[oth],42
1294,880446041,4,Czech,bak,no,[],44
1295,906366041,4,Czech,unk,unk,[],44
1296,918046041,4,Czech,sch,no,[oth],40
1297,919316041,4,Czech,fin,no,[],44
1298,928485703,4,Czech,sch,no,"[ukr, bel, oth]",44
1299,932685730,4,Czech,fin,no,[],40
1300,949965703,4,Czech,fin,no,[ukr],43
1301,3336041,4,Ukranian,unk,unk,[],35
1302,29385730,4,Ukranian,mag,yes,[oth],35
1303,54683003,4,Ukranian,fin,no,[],11
1304,55756041,4,Ukranian,sch,no,[oth],44
1305,73643003,4,Ukranian,fin,unk,[oth],42
1306,81970174,4,Ukranian,bak,no,[oth],41
1307,100766043,4,Ukranian,unk,unk,[],42
1308,116086043,4,Ukranian,bak,no,[],36
1309,122195730,4,Ukranian,fin,no,[oth],43
1310,148965459,4,Ukranian,bak,no,[],34
1311,169736041,4,Ukranian,sch,no,[oth],15
1312,174265703,4,Ukranian,fin,no,[oth],41
1313,207686041,4,Ukranian,fin,yes,[oth],29
1314,219053003,4,Ukranian,fin,no,[oth],44
1315,253145703,4,Ukranian,bak,no,[oth],44
1316,260893003,4,Ukranian,mag,no,[],44
1317,273086043,4,Ukranian,mag,no,[],44
1318,288236043,4,Ukranian,fin,yes,[oth],43
1319,298635730,4,Ukranian,fin,no,[],44
1320,312845730,4,Ukranian,fin,no,[oth],41
1321,313466043,4,Ukranian,fin,no,[],39
1322,322046041,4,Ukranian,unk,no,[],44
1323,333776041,4,Ukranian,fin,no,[],32
1324,355186041,4,Ukranian,sch,no,[],43
1325,373593003,4,Ukranian,fin,yes,[oth],42
1326,422007005,4,Ukranian,fin,yes,[pol],43
1327,440903003,4,Ukranian,mag,no,[],32
1328,461003003,4,Ukranian,bak,no,[],44
1329,464706043,4,Ukranian,bak,no,[],43
1330,477226043,4,Ukranian,fin,no,[],39
1331,484386043,4,Ukranian,fin,no,[],44
1332,485636041,4,Ukranian,fin,no,[oth],44
1333,499396041,4,Ukranian,sch,yes,[],15
1334,500813003,4,Ukranian,sch,no,[oth],26
1335,548305703,4,Ukranian,unk,no,[],37
1336,555105730,4,Ukranian,fin,no,[],44
1337,578676043,4,Ukranian,sch,no,[oth],8
1338,595906041,4,Ukranian,unk,unk,[],44
1339,615186043,4,Ukranian,fin,no,[bel],44
1340,643005730,4,Ukranian,bak,no,[],33
1341,645850591,4,Ukranian,mag,yes,[],44
1342,662585703,4,Ukranian,fin,no,[],31
1343,675813003,4,Ukranian,bak,no,[],44
1344,743453003,4,Ukranian,fin,no,[oth],44
1345,758103003,4,Ukranian,bak,yes,[oth],30
1346,762416043,4,Ukranian,bak,no,[oth],44
1347,767466043,4,Ukranian,fin,no,[oth],43
1348,772373003,4,Ukranian,fin,no,[],27
1349,815086043,4,Ukranian,bak,yes,[],43
1350,852113003,4,Ukranian,fin,no,[],43
1351,859586043,4,Ukranian,bak,no,[oth],44
1352,869913003,4,Ukranian,fin,no,[],44
1353,916916041,4,Ukranian,asp,yes,[oth],43
1354,946789580,4,Ukranian,mag,no,[],35
1355,977666043,4,Ukranian,bak,no,[bel],29
1356,978040584,4,Ukranian,mag,no,[oth],44
1357,983216041,4,Ukranian,mag,no,[oth],44
1358,24536043,4,Belorussian,sch,no,[oth],44
1359,26453003,4,Belorussian,fin,no,[],13
1360,43905730,4,Belorussian,mag,no,[ukr],44
1361,48246043,4,Belorussian,unk,unk,[],44
1362,49596041,4,Belorussian,fin,no,[],43
1363,50626041,4,Belorussian,fin,no,[oth],44
1364,51986041,4,Belorussian,unk,unk,[],41
1365,73636043,4,Belorussian,bak,no,[oth],26
1366,81276043,4,Belorussian,fin,yes,[],44
1367,87826041,4,Belorussian,fin,no,[ukr],43
1368,112303003,4,Belorussian,fin,no,[oth],44
1369,115256041,4,Belorussian,bak,yes,"[pol, ukr]",38
1370,146525703,4,Belorussian,fin,no,[ukr],44
1371,152196041,4,Belorussian,bak,no,[ukr],43
1372,153966043,4,Belorussian,fin,unk,[],44
1373,173326041,4,Belorussian,unk,unk,[],42
1374,194926041,4,Belorussian,bak,no,[],42
1375,213026707,4,Belorussian,bak,no,[oth],40
1376,237276043,4,Belorussian,fin,no,[],44
1377,241263003,4,Belorussian,fin,no,[oth],38
1378,256786041,4,Belorussian,sch,no,"[ukr, oth]",19
1379,269486043,4,Belorussian,sch,no,[oth],18
1380,278156041,4,Belorussian,sch,yes,[],38
1381,282806041,4,Belorussian,sch,no,[],43
1382,285316043,4,Belorussian,fin,no,[oth],44
1383,301255703,4,Belorussian,mag,no,[ukr],44
1384,306476041,4,Belorussian,mag,no,[oth],42
1385,324016043,4,Belorussian,fin,no,[],36
1386,343866041,4,Belorussian,bak,no,[oth],44
1387,351635703,4,Belorussian,unk,unk,[],42
1388,357335616,4,Belorussian,sch,no,[],31
1389,383926041,4,Belorussian,fin,no,[],43
1390,423056041,4,Belorussian,fin,no,[],44
1391,457606041,4,Belorussian,mag,no,[oth],44
1392,489596041,4,Belorussian,mag,yes,[pol],44
1393,503553003,4,Belorussian,bak,no,[ukr],44
1394,503736041,4,Belorussian,sch,no,[oth],44
1395,511173003,4,Belorussian,sch,no,[oth],44
1396,522413003,4,Belorussian,mag,yes,[oth],44
1397,561296041,4,Belorussian,bak,no,[ukr],44
1398,574096041,4,Belorussian,fin,no,[],43
1399,579046041,4,Belorussian,fin,no,[oth],44
1400,580626043,4,Belorussian,mag,no,[ukr],44
1401,592566043,4,Belorussian,fin,no,[oth],32
1402,605086043,4,Belorussian,mag,yes,[],29
1403,607626043,4,Belorussian,fin,no,[oth],42
1404,617215703,4,Belorussian,unk,unk,[oth],41
1405,620496043,4,Belorussian,fin,no,[],44
1406,621726043,4,Belorussian,bak,no,[ukr],44
1407,622553448,4,Belorussian,fin,yes,[czk],44
1408,630515703,4,Belorussian,fin,no,[oth],32
1409,695799137,4,Belorussian,mag,no,[],44
1410,700260407,4,Belorussian,bak,yes,[oth],41
1411,714773003,4,Belorussian,fin,no,[oth],44
1412,721585730,4,Belorussian,sch,no,[ukr],44
1413,731746041,4,Belorussian,bak,no,[ukr],44
1414,740545703,4,Belorussian,fin,no,[],42
1415,744826041,4,Belorussian,mag,no,[],30
1416,767245730,4,Belorussian,mag,no,[oth],44
1417,768395703,4,Belorussian,fin,yes,[],44
1418,777485703,4,Belorussian,fin,no,[oth],41
1419,784906041,4,Belorussian,fin,no,[],44
1420,786463003,4,Belorussian,unk,unk,[],44
1421,797993003,4,Belorussian,fin,no,[oth],44
1422,800616043,4,Belorussian,unk,unk,[],42
1423,811766043,4,Belorussian,sch,no,[],42
1424,828783003,4,Belorussian,bak,no,[],42
1425,848976041,4,Belorussian,fin,no,[oth],43
1426,849976041,4,Belorussian,unk,no,[],19
1427,850746041,4,Belorussian,unk,unk,[],20
1428,871916043,4,Belorussian,fin,no,[ukr],37
1429,877466041,4,Belorussian,bak,no,[pol],39
1430,877738999,4,Belorussian,unk,unk,[],13
1431,880296043,4,Belorussian,bak,no,[],37
1432,887746043,4,Belorussian,fin,no,[oth],41
1433,899776043,4,Belorussian,mag,no,[],44
1434,906236041,4,Belorussian,fin,no,[oth],44
1435,940486041,4,Belorussian,fin,no,[],40
1436,953866043,4,Belorussian,fin,no,[],43
1437,962715730,4,Belorussian,unk,no,[oth],14
1438,985326041,4,Belorussian,fin,no,[ukr],29
1439,989111703,4,Belorussian,mag,no,[],37
1440,3553209,4,Slovak,bak,no,[oth],43
1441,35423209,4,Slovak,bak,no,[oth],44
1442,67193309,4,Slovak,fin,no,[],43
1443,143953309,4,Slovak,mag,no,[oth],44
1444,170603309,4,Slovak,fin,no,[oth],38
1445,171043309,4,Slovak,bak,yes,[ukr],44
1446,179053309,4,Slovak,bak,no,[ukr],42
1447,206933309,4,Slovak,bak,no,[],26
1448,219393309,4,Slovak,fin,no,[],39
1449,236753309,4,Slovak,fin,no,[],39
1450,332763209,4,Slovak,fin,no,"[ukr, bel]",44
1451,376643209,4,Slovak,unk,unk,[],44
1452,438383309,4,Slovak,fin,no,[],37
1453,455083209,4,Slovak,fin,no,[oth],34
1454,462213309,4,Slovak,fin,no,[oth],42
1455,477863209,4,Slovak,bak,no,[ukr],30
1456,524373309,4,Slovak,bak,no,[oth],12
1457,555963209,4,Slovak,unk,unk,[],44
1458,580403309,4,Slovak,sch,no,[oth],44
1459,599613309,4,Slovak,bak,no,[bel],44
1460,603223309,4,Slovak,bak,yes,"[ukr, oth]",43
1461,627073209,4,Slovak,unk,unk,[],39
1462,653023209,4,Slovak,bak,no,[oth],44
1463,669793209,4,Slovak,mag,no,[oth],44
1464,672743209,4,Slovak,bak,no,"[ukr, bel]",44
1465,680143309,4,Slovak,unk,unk,[],40
1466,695353209,4,Slovak,fin,no,[ukr],44
1467,704983309,4,Slovak,bak,no,[oth],27
1468,730063209,4,Slovak,sch,no,[oth],44
1469,753163309,4,Slovak,fin,no,[],43
1470,756233309,4,Slovak,unk,unk,[],10
1471,760673209,4,Slovak,fin,no,[],44
1472,769743209,4,Slovak,fin,no,[oth],39
1473,905483209,4,Slovak,fin,no,[],44
1474,920213209,4,Slovak,sch,no,[oth],26
1475,923693209,4,Slovak,fin,no,[],13
1476,17715730,4,Bulgarian,sch,yes,[oth],42
1477,28975703,4,Bulgarian,fin,no,[oth],44
1478,46246041,4,Bulgarian,sch,no,[oth],43
1479,67225703,4,Bulgarian,fin,no,[],43
1480,70115703,4,Bulgarian,bak,no,[ukr],44
1481,103905730,4,Bulgarian,fin,no,[oth],43
1482,104105703,4,Bulgarian,mag,no,[oth],44
1483,212625703,4,Bulgarian,sch,no,[],40
1484,218055703,4,Bulgarian,sch,no,[],40
1485,218345703,4,Bulgarian,sch,no,[oth],43
1486,261315703,4,Bulgarian,fin,no,[],41
1487,279075730,4,Bulgarian,fin,no,[],38
1488,305365703,4,Bulgarian,fin,yes,[],35
1489,312685703,4,Bulgarian,bak,no,[oth],44
1490,335815703,4,Bulgarian,sch,no,[oth],40
1491,371786041,4,Bulgarian,bak,no,[czk],13
1492,498325703,4,Bulgarian,unk,unk,[],43
1493,508443309,4,Bulgarian,fin,yes,[oth],44
1494,509925703,4,Bulgarian,bak,no,[oth],42
1495,515715703,4,Bulgarian,fin,no,[],44
1496,522655703,4,Bulgarian,fin,no,[],33
1497,545366041,4,Bulgarian,unk,unk,[],43
1498,571396041,4,Bulgarian,bak,no,[],38
1499,578495703,4,Bulgarian,mag,no,[],43
1500,591185703,4,Bulgarian,bak,no,[],42
1501,621665703,4,Bulgarian,fin,no,[oth],11
1502,692605703,4,Bulgarian,fin,no,[oth],37
1503,890385703,4,Bulgarian,bak,no,[oth],44
1504,895815703,4,Bulgarian,bak,no,[oth],44
1505,940605703,4,Bulgarian,bak,yes,"[ukr, bel, oth]",44
1506,947455703,4,Bulgarian,fin,no,[oth],43
1507,951783003,4,Bulgarian,fin,no,[],44
1508,971863003,4,Bulgarian,fin,no,[oth],22
1509,972385730,4,Bulgarian,mag,no,[],43
1510,979175703,4,Bulgarian,sch,no,[oth],44
1511,990353309,4,Bulgarian,fin,no,[oth],21
1512,991976041,4,Bulgarian,fin,no,[],44
1513,3833209,4,Slovene,sch,no,[oth],21
1514,23923209,4,Slovene,bak,no,"[ukr, bel, oth]",37
1515,33263209,4,Slovene,fin,no,[],39
1516,88133209,4,Slovene,mag,no,[],43
1517,132163209,4,Slovene,sch,no,[ukr],43
1518,158923309,4,Slovene,bak,no,[],44
1519,176803309,4,Slovene,unk,no,[],44
1520,180713309,4,Slovene,unk,unk,[],44
1521,200443209,4,Slovene,fin,no,[oth],44
1522,237253209,4,Slovene,bak,no,[],43
1523,255283309,4,Slovene,bak,no,[],44
1524,262966376,4,Slovene,mag,no,[],44
1525,278593209,4,Slovene,unk,unk,[],44
1526,292643309,4,Slovene,fin,no,[ukr],42
1527,450213209,4,Slovene,sch,no,[oth],42
1528,455973409,4,Slovene,asp,no,"[pol, czk, ukr, bel, svk, oth]",44
1529,490709560,4,Slovene,bak,yes,[],41
1530,493693209,4,Slovene,fin,no,[],44
1531,532033309,4,Slovene,bak,no,[],44
1532,552733209,4,Slovene,fin,no,[ukr],43
1533,570613209,4,Slovene,fin,no,[oth],43
1534,577243409,4,Slovene,fin,no,[oth],32
1535,586074101,4,Slovene,bak,yes,"[ukr, bel]",44
1536,685073209,4,Slovene,mag,unk,[],25
1537,699543209,4,Slovene,sch,no,[],42
1538,702033309,4,Slovene,bak,no,[oth],43
1539,746283309,4,Slovene,fin,no,[oth],43
1540,791623209,4,Slovene,bak,no,[],36
1541,813113309,4,Slovene,mag,no,[oth],20
1542,824963309,4,Slovene,fin,no,[],41
1543,839633209,4,Slovene,fin,no,[],44
1544,867613209,4,Slovene,unk,no,[],9
1545,882453309,4,Slovene,unk,unk,[],44
1546,911243309,4,Slovene,bak,no,[oth],30
1547,919143309,4,Slovene,mag,yes,[],44
1548,945735677,4,Slovene,bak,yes,[],31
1549,966433209,4,Slovene,bak,no,[oth],44
1550,19035730,5,No Parallel Text,fin,no,[oth],37
1551,40075703,5,No Parallel Text,fin,no,[oth],37
1552,51453003,5,No Parallel Text,fin,no,[bel],34
1553,93320047,5,No Parallel Text,bak,no,[],36
1554,135423003,5,No Parallel Text,mag,no,[oth],37
1555,160536041,5,No Parallel Text,mag,no,[ukr],37
1556,168716041,5,No Parallel Text,sch,no,[oth],37
1557,201455703,5,No Parallel Text,fin,no,[bel],36
1558,206066041,5,No Parallel Text,asp,no,[oth],32
1559,218475703,5,No Parallel Text,fin,no,[oth],37
1560,234176041,5,No Parallel Text,bak,no,[],37
1561,236343003,5,No Parallel Text,fin,no,[ukr],34
1562,281535703,5,No Parallel Text,bak,no,[oth],37
1563,328996041,5,No Parallel Text,fin,no,[ukr],37
1564,347743003,5,No Parallel Text,bak,unk,[],37
1565,355213003,5,No Parallel Text,mag,no,[oth],37
1566,363856041,5,No Parallel Text,fin,no,[ukr],37
1567,379556079,5,No Parallel Text,bak,no,[oth],36
1568,423656041,5,No Parallel Text,fin,no,[oth],31
1569,429455178,5,No Parallel Text,sch,no,[],28
1570,434749668,5,No Parallel Text,bak,no,[],21
1571,438096041,5,No Parallel Text,fin,no,[],35
1572,453346041,5,No Parallel Text,fin,no,[oth],37
1573,483155703,5,No Parallel Text,sch,yes,[oth],37
1574,548263003,5,No Parallel Text,fin,no,[],37
1575,565036041,5,No Parallel Text,fin,no,[bel],27
1576,621198358,5,No Parallel Text,bak,yes,[oth],34
1577,623745703,5,No Parallel Text,bak,no,[],33
1578,633743003,5,No Parallel Text,fin,no,[oth],37
1579,633903003,5,No Parallel Text,fin,no,[oth],36
1580,648433003,5,No Parallel Text,fin,no,[oth],35
1581,662616041,5,No Parallel Text,fin,no,[oth],37
1582,674975730,5,No Parallel Text,fin,yes,[],35
1583,703875703,5,No Parallel Text,bak,no,[oth],32
1584,785606041,5,No Parallel Text,fin,yes,[oth],37
1585,810015703,5,No Parallel Text,mag,yes,[pol],37
1586,817766041,5,No Parallel Text,sch,no,[bel],37
1587,848073003,5,No Parallel Text,bak,no,[oth],36
1588,883156041,5,No Parallel Text,mag,no,[ukr],37
1589,891925703,5,No Parallel Text,bak,no,[],23
1590,898586041,5,No Parallel Text,fin,no,[],36
1591,902315730,5,No Parallel Text,mag,yes,[oth],37
1592,902795730,5,No Parallel Text,sch,no,[oth],9
1593,942433003,5,No Parallel Text,fin,no,"[ukr, bel]",37
1594,952166041,5,No Parallel Text,fin,no,[oth],36
1595,978426041,5,No Parallel Text,fin,no,[],37
1596,998591991,5,No Parallel Text,bak,no,[],37
1597,22166041,5,Polish,fin,no,[],37
1598,29967094,5,Polish,bak,yes,[],36
1599,82786041,5,Polish,bak,yes,[ukr],37
1600,91585703,5,Polish,bak,no,[ukr],35
1601,95265730,5,Polish,fin,no,[oth],36
1602,100305703,5,Polish,fin,yes,[oth],36
1603,114665703,5,Polish,fin,no,[oth],37
1604,125316041,5,Polish,sch,no,[],16
1605,170476041,5,Polish,mag,yes,[ukr],37
1606,183475703,5,Polish,fin,no,[],30
1607,209425703,5,Polish,unk,unk,[],37
1608,220963003,5,Polish,bak,no,[oth],37
1609,221813003,5,Polish,bak,no,[ukr],32
1610,248066041,5,Polish,asp,no,[ukr],36
1611,263295703,5,Polish,bak,unk,[],37
1612,275661979,5,Polish,fin,yes,[],10
1613,278920259,5,Polish,bak,no,[],36
1614,289158814,5,Polish,bak,no,[],36
1615,291216041,5,Polish,fin,no,"[bel, oth]",17
1616,296166041,5,Polish,fin,no,[oth],36
1617,304113003,5,Polish,mag,no,[ukr],36
1618,305846041,5,Polish,fin,no,[],21
1619,342723003,5,Polish,bak,no,[oth],37
1620,368446041,5,Polish,fin,no,[oth],37
1621,374708718,5,Polish,bak,no,[],35
1622,390643003,5,Polish,sch,yes,"[ukr, bel]",36
1623,404733003,5,Polish,mag,no,[oth],33
1624,440175703,5,Polish,unk,unk,[],35
1625,468006041,5,Polish,sch,no,[oth],26
1626,503263003,5,Polish,fin,no,[oth],28
1627,571036041,5,Polish,bak,yes,[oth],34
1628,639276041,5,Polish,bak,no,[oth],36
1629,641535730,5,Polish,bak,no,[oth],37
1630,694086041,5,Polish,fin,no,[],36
1631,724106041,5,Polish,sch,no,[oth],32
1632,724836041,5,Polish,fin,no,[ukr],36
1633,737006041,5,Polish,fin,no,[oth],36
1634,742213003,5,Polish,bak,no,[oth],37
1635,773206041,5,Polish,unk,unk,[],35
1636,836796041,5,Polish,fin,no,[ukr],37
1637,839636041,5,Polish,bak,no,[ukr],12
1638,839993003,5,Polish,bak,no,[oth],37
1639,848066041,5,Polish,bak,yes,[oth],36
1640,851696041,5,Polish,fin,unk,[oth],37
1641,866458281,5,Polish,bak,no,[],17
1642,872243003,5,Polish,mag,unk,[],36
1643,881856041,5,Polish,bak,no,"[ukr, bel]",32
1644,884995703,5,Polish,unk,no,[],15
1645,891556041,5,Polish,fin,no,[ukr],37
1646,909476041,5,Polish,sch,no,[oth],33
1647,916406041,5,Polish,sch,no,[oth],31
1648,917156041,5,Polish,bak,no,[],37
1649,933333003,5,Polish,bak,yes,[oth],35
1650,960885730,5,Polish,fin,no,[oth],33
1651,962146041,5,Polish,bak,no,[oth],15
1652,962366041,5,Polish,fin,no,[oth],36
1653,978215730,5,Polish,fin,no,[ukr],37
1654,14453409,5,Serbian,mag,yes,[],37
1655,56313409,5,Serbian,bak,no,[],37
1656,82003409,5,Serbian,mag,yes,[],25
1657,96263409,5,Serbian,mag,no,[oth],37
1658,97423409,5,Serbian,fin,no,[oth],37
1659,167603409,5,Serbian,unk,unk,[],37
1660,189383409,5,Serbian,bak,no,[ukr],34
1661,199413409,5,Serbian,bak,no,[],36
1662,240943409,5,Serbian,fin,no,[oth],29
1663,329403409,5,Serbian,fin,no,[],36
1664,336353409,5,Serbian,mag,no,[],37
1665,337693409,5,Serbian,fin,yes,[],36
1666,360623409,5,Serbian,fin,no,[],12
1667,365863409,5,Serbian,fin,no,[oth],35
1668,436003409,5,Serbian,fin,yes,[],33
1669,458333409,5,Serbian,fin,no,"[ukr, bel]",37
1670,614173409,5,Serbian,sch,no,[bel],37
1671,652423409,5,Serbian,mag,no,[ukr],37
1672,672043409,5,Serbian,fin,no,[oth],37
1673,685503409,5,Serbian,fin,no,[ukr],37
1674,718593409,5,Serbian,fin,no,[oth],37
1675,736043409,5,Serbian,fin,no,[oth],37
1676,741813409,5,Serbian,fin,no,[ukr],26
1677,744873409,5,Serbian,sch,no,[oth],37
1678,770863409,5,Serbian,fin,no,[],35
1679,814323409,5,Serbian,fin,no,[oth],28
1680,822683409,5,Serbian,fin,no,"[ukr, bel, oth]",37
1681,854473409,5,Serbian,fin,no,[],37
1682,860233409,5,Serbian,mag,yes,[ukr],23
1683,919153409,5,Serbian,fin,no,[oth],33
1684,922363409,5,Serbian,bak,no,[oth],31
1685,956593409,5,Serbian,fin,no,[],35
1686,956723409,5,Serbian,bak,no,[oth],37
1687,966753409,5,Serbian,fin,no,[],37
1688,974673409,5,Serbian,bak,yes,[],30
1689,982193409,5,Serbian,fin,no,[ukr],36
1690,7843003,5,Czech,fin,no,[],37
1691,21626041,5,Czech,fin,no,[oth],15
1692,33035703,5,Czech,sch,no,"[ukr, bel]",37
1693,68125703,5,Czech,sch,no,[],36
1694,110056041,5,Czech,fin,yes,[oth],37
1695,113535703,5,Czech,fin,no,[oth],37
1696,145845703,5,Czech,fin,no,[oth],35
1697,154893409,5,Czech,fin,no,[oth],34
1698,185595703,5,Czech,bak,no,[],37
1699,190495703,5,Czech,unk,unk,[],34
1700,198165703,5,Czech,mag,no,[],37
1701,228066041,5,Czech,fin,no,[oth],35
1702,328195703,5,Czech,fin,no,[oth],36
1703,341225703,5,Czech,bak,no,[],37
1704,422965703,5,Czech,sch,no,[oth],33
1705,452175703,5,Czech,bak,no,[oth],37
1706,472825703,5,Czech,bak,no,[ukr],37
1707,489616041,5,Czech,fin,no,[],36
1708,529816041,5,Czech,bak,yes,[oth],37
1709,585995703,5,Czech,fin,no,[ukr],36
1710,593915703,5,Czech,fin,no,[ukr],36
1711,619885703,5,Czech,fin,no,[],35
1712,689495730,5,Czech,fin,no,[ukr],36
1713,746475703,5,Czech,fin,no,[oth],32
1714,750795703,5,Czech,mag,unk,[],36
1715,791625730,5,Czech,fin,no,[oth],37
1716,809495730,5,Czech,sch,no,[oth],28
1717,821965703,5,Czech,fin,no,[],37
1718,822595703,5,Czech,unk,unk,[],34
1719,864765703,5,Czech,sch,no,[oth],34
1720,870425703,5,Czech,sch,no,[ukr],37
1721,880815703,5,Czech,bak,no,[ukr],37
1722,890575703,5,Czech,fin,no,[],30
1723,902435703,5,Czech,sch,no,[ukr],37
1724,914575703,5,Czech,fin,no,[],37
1725,972075730,5,Czech,fin,no,[oth],37
1726,994385730,5,Czech,bak,no,[],37
1727,84676041,5,Ukranian,fin,yes,[oth],37
1728,149195703,5,Ukranian,sch,no,[],37
1729,160053003,5,Ukranian,fin,no,[],36
1730,270845703,5,Ukranian,fin,no,[oth],37
1731,294523003,5,Ukranian,bak,no,[],36
1732,305613003,5,Ukranian,bak,no,[oth],37
1733,308706041,5,Ukranian,fin,no,[],34
1734,343435703,5,Ukranian,bak,no,[oth],36
1735,364993003,5,Ukranian,fin,yes,[oth],37
1736,371403003,5,Ukranian,unk,unk,[],36
1737,402723003,5,Ukranian,bak,no,[],35
1738,440438414,5,Ukranian,bak,no,[],34
1739,484493003,5,Ukranian,fin,no,[oth],37
1740,496981740,5,Ukranian,bak,yes,[pol],36
1741,551965052,5,Ukranian,bak,yes,[],36
1742,560333003,5,Ukranian,bak,no,[],37
1743,561174360,5,Ukranian,mag,no,[],32
1744,569043348,5,Ukranian,bak,no,[],37
1745,584953003,5,Ukranian,bak,no,[oth],30
1746,585147925,5,Ukranian,sch,yes,[],37
1747,589430679,5,Ukranian,bak,yes,[],37
1748,605463003,5,Ukranian,fin,no,[oth],36
1749,631755703,5,Ukranian,fin,no,[],34
1750,631845703,5,Ukranian,fin,no,[oth],36
1751,635636041,5,Ukranian,fin,no,[oth],37
1752,646535730,5,Ukranian,fin,no,[],37
1753,730315703,5,Ukranian,fin,no,[oth],36
1754,763963309,5,Ukranian,unk,unk,[],37
1755,769485703,5,Ukranian,bak,no,[oth],37
1756,789505703,5,Ukranian,unk,unk,[],36
1757,806316041,5,Ukranian,unk,unk,[],37
1758,814416041,5,Ukranian,bak,no,[],36
1759,839443003,5,Ukranian,fin,no,[],35
1760,845185703,5,Ukranian,bak,no,[oth],33
1761,850936041,5,Ukranian,mag,yes,[],37
1762,899535703,5,Ukranian,fin,no,[],37
1763,929410211,5,Ukranian,fin,no,[],36
1764,9136041,5,Belorussian,fin,no,[],37
1765,14393003,5,Belorussian,fin,no,[ukr],37
1766,31220076,5,Belorussian,mag,yes,[],36
1767,47923003,5,Belorussian,mag,no,[],36
1768,47946041,5,Belorussian,fin,no,[],35
1769,57176041,5,Belorussian,bak,no,[oth],37
1770,80395703,5,Belorussian,fin,no,[oth],37
1771,100096041,5,Belorussian,bak,no,[oth],31
1772,136666041,5,Belorussian,mag,no,[oth],36
1773,145246041,5,Belorussian,sch,no,[ukr],30
1774,209680500,5,Belorussian,fin,no,[oth],37
1775,211853003,5,Belorussian,unk,unk,[],24
1776,212743003,5,Belorussian,fin,no,[],33
1777,244163003,5,Belorussian,fin,no,[],36
1778,265246041,5,Belorussian,bak,no,[],25
1779,276775730,5,Belorussian,fin,yes,[ukr],25
1780,328017467,5,Belorussian,bak,yes,[],35
1781,380145703,5,Belorussian,asp,no,[ukr],37
1782,396685703,5,Belorussian,unk,unk,[],24
1783,396915730,5,Belorussian,fin,no,[ukr],28
1784,400955703,5,Belorussian,fin,no,[oth],31
1785,402335703,5,Belorussian,unk,unk,[],37
1786,417180193,5,Belorussian,bak,no,[ukr],37
1787,474055703,5,Belorussian,fin,no,[oth],37
1788,483536041,5,Belorussian,bak,yes,[oth],35
1789,486905703,5,Belorussian,fin,no,[pol],30
1790,527743003,5,Belorussian,sch,no,[oth],37
1791,542256041,5,Belorussian,fin,unk,[],37
1792,546236041,5,Belorussian,fin,no,[ukr],36
1793,548933003,5,Belorussian,bak,no,[ukr],33
1794,554920026,5,Belorussian,sch,no,[],29
1795,572306041,5,Belorussian,mag,no,[ukr],37
1796,575346041,5,Belorussian,fin,no,[],33
1797,619446041,5,Belorussian,bak,no,[oth],37
1798,640236041,5,Belorussian,fin,no,[oth],37
1799,651275703,5,Belorussian,bak,no,[],31
1800,726653003,5,Belorussian,bak,yes,[ukr],34
1801,735966041,5,Belorussian,sch,no,[],36
1802,739826041,5,Belorussian,fin,no,"[ukr, oth]",36
1803,750936041,5,Belorussian,bak,no,[oth],28
1804,845765730,5,Belorussian,bak,no,"[ukr, oth]",36
1805,900593003,5,Belorussian,fin,no,[oth],36
1806,916600550,5,Belorussian,bak,no,"[ukr, oth]",32
1807,927686041,5,Belorussian,fin,no,[oth],14
1808,937613003,5,Belorussian,bak,no,[ukr],37
1809,943555703,5,Belorussian,fin,no,[],30
1810,951226041,5,Belorussian,sch,no,[],35
1811,997523003,5,Belorussian,sch,no,[oth],30
1812,1193309,5,Slovak,bak,no,[],30
1813,3543209,5,Slovak,fin,no,[oth],37
1814,21523309,5,Slovak,fin,no,[],36
1815,34493209,5,Slovak,fin,no,[],31
1816,39783309,5,Slovak,unk,unk,[],33
1817,42363209,5,Slovak,bak,no,[],37
1818,51883309,5,Slovak,bak,no,[],27
1819,107363209,5,Slovak,fin,no,[],31
1820,185813309,5,Slovak,fin,no,[oth],37
1821,205243209,5,Slovak,fin,no,[oth],37
1822,214293209,5,Slovak,sch,no,[ukr],37
1823,223313209,5,Slovak,sch,no,[oth],37
1824,238383309,5,Slovak,fin,no,[],37
1825,300633209,5,Slovak,fin,no,[ukr],36
1826,334893209,5,Slovak,unk,unk,[],37
1827,369423209,5,Slovak,bak,yes,[ukr],36
1828,374983209,5,Slovak,bak,unk,[],37
1829,380943209,5,Slovak,bak,no,[oth],37
1830,397103309,5,Slovak,fin,no,[],37
1831,405113309,5,Slovak,fin,yes,[oth],37
1832,410553209,5,Slovak,sch,no,[oth],37
1833,432473209,5,Slovak,fin,no,[],37
1834,444773309,5,Slovak,bak,no,[oth],37
1835,568543309,5,Slovak,sch,no,[],31
1836,569883209,5,Slovak,fin,no,[ukr],36
1837,578403309,5,Slovak,mag,yes,[],37
1838,594193209,5,Slovak,bak,no,[],37
1839,648543209,5,Slovak,bak,no,[],37
1840,661053209,5,Slovak,bak,unk,[],37
1841,694203309,5,Slovak,unk,unk,[],37
1842,707103309,5,Slovak,fin,no,[oth],37
1843,745923309,5,Slovak,bak,no,[oth],17
1844,753743209,5,Slovak,sch,no,[oth],37
1845,831243209,5,Slovak,sch,no,[oth],11
1846,872723209,5,Slovak,fin,no,[oth],37
1847,894993209,5,Slovak,unk,unk,[],35
1848,908473209,5,Slovak,bak,no,[oth],27
1849,911493309,5,Slovak,fin,no,[],36
1850,966323209,5,Slovak,bak,no,[],25
1851,985723209,5,Slovak,fin,no,[],24
1852,1385703,5,Bulgarian,bak,no,[],37
1853,30515703,5,Bulgarian,fin,no,[],36
1854,41253003,5,Bulgarian,fin,no,[oth],12
1855,70865703,5,Bulgarian,fin,no,"[ukr, oth]",9
1856,82296041,5,Bulgarian,bak,no,[oth],8
1857,83885703,5,Bulgarian,bak,no,[oth],37
1858,100205703,5,Bulgarian,fin,no,[oth],37
1859,110946041,5,Bulgarian,fin,no,[ukr],36
1860,149295703,5,Bulgarian,bak,no,"[ukr, bel, oth]",34
1861,201955703,5,Bulgarian,fin,no,[oth],37
1862,210215703,5,Bulgarian,fin,no,[],37
1863,259705703,5,Bulgarian,fin,no,[oth],30
1864,302475703,5,Bulgarian,fin,no,[oth],37
1865,331786041,5,Bulgarian,sch,yes,[],33
1866,332245703,5,Bulgarian,unk,unk,[],36
1867,353155703,5,Bulgarian,fin,no,[oth],32
1868,383725730,5,Bulgarian,sch,no,[],36
1869,385115703,5,Bulgarian,bak,no,[oth],37
1870,390746041,5,Bulgarian,bak,no,[oth],37
1871,397765703,5,Bulgarian,fin,no,[ukr],37
1872,403716041,5,Bulgarian,unk,unk,[],36
1873,447815703,5,Bulgarian,mag,no,[],30
1874,466566041,5,Bulgarian,bak,no,[oth],37
1875,555373003,5,Bulgarian,fin,yes,[],31
1876,575766041,5,Bulgarian,bak,no,"[ukr, bel]",37
1877,582846041,5,Bulgarian,mag,no,[oth],36
1878,589725703,5,Bulgarian,asp,yes,[ukr],37
1879,625256041,5,Bulgarian,fin,no,[],12
1880,626835703,5,Bulgarian,fin,no,[oth],36
1881,627525730,5,Bulgarian,sch,no,[ukr],35
1882,638106041,5,Bulgarian,bak,no,[oth],35
1883,654885703,5,Bulgarian,bak,no,[oth],37
1884,678316041,5,Bulgarian,sch,no,[],37
1885,717996041,5,Bulgarian,sch,no,[],36
1886,731315730,5,Bulgarian,bak,yes,[oth],37
1887,784195703,5,Bulgarian,sch,no,[oth],37
1888,788355703,5,Bulgarian,bak,no,[oth],36
1889,791055703,5,Bulgarian,fin,no,[svk],36
1890,798956041,5,Bulgarian,bak,no,[oth],30
1891,811515703,5,Bulgarian,bak,no,[ukr],30
1892,834036041,5,Bulgarian,fin,no,[oth],36
1893,868566041,5,Bulgarian,sch,yes,[],37
1894,924895703,5,Bulgarian,fin,no,[oth],37
1895,930766041,5,Bulgarian,mag,yes,[ukr],37
1896,949315703,5,Bulgarian,fin,no,[oth],34
1897,959356041,5,Bulgarian,fin,no,[oth],37
1898,971716041,5,Bulgarian,bak,no,[],36
1899,997865703,5,Bulgarian,fin,unk,[oth],37
1900,13423309,5,Slovene,bak,no,[oth],33
1901,41033309,5,Slovene,mag,no,"[ukr, oth]",37
1902,85103209,5,Slovene,fin,no,[],37
1903,227633309,5,Slovene,fin,no,[oth],32
1904,236703209,5,Slovene,bak,no,[],37
1905,242993309,5,Slovene,fin,no,[ukr],37
1906,251103209,5,Slovene,fin,no,[oth],37
1907,277233209,5,Slovene,fin,no,[],37
1908,290213309,5,Slovene,bak,no,[],34
1909,334343309,5,Slovene,fin,no,[oth],31
1910,418413209,5,Slovene,fin,no,[],37
1911,426913209,5,Slovene,mag,yes,[],37
1912,473343309,5,Slovene,asp,no,[oth],37
1913,475413209,5,Slovene,fin,no,[],37
1914,484123709,5,Slovene,unk,yes,[],34
1915,487383209,5,Slovene,mag,no,[ukr],37
1916,514683209,5,Slovene,bak,yes,[oth],37
1917,536323309,5,Slovene,sch,yes,[oth],19
1918,553133209,5,Slovene,fin,no,[],36
1919,553453209,5,Slovene,bak,no,[oth],37
1920,578313267,5,Slovene,mag,no,[srb],34
1921,583963198,5,Slovene,bak,no,[],25
1922,590703309,5,Slovene,fin,no,[],15
1923,645878775,5,Slovene,bak,yes,"[srb, ukr, bel]",34
1924,655773309,5,Slovene,fin,no,[oth],37
1925,670873309,5,Slovene,bak,no,[oth],33
1926,776273309,5,Slovene,bak,no,[],37
1927,777513209,5,Slovene,fin,no,[oth],37
1928,791173309,5,Slovene,sch,no,[oth],29
1929,795453309,5,Slovene,sch,no,[pol],37
1930,804293309,5,Slovene,fin,no,[oth],37
1931,812773209,5,Slovene,fin,no,[bel],28
1932,822043309,5,Slovene,mag,no,[],34
1933,825233209,5,Slovene,bak,no,[],37
1934,830723209,5,Slovene,fin,no,[oth],37
1935,831503209,5,Slovene,fin,no,[],37
1936,851263309,5,Slovene,fin,no,[oth],37
1937,868503209,5,Slovene,unk,no,[],32
1938,915423209,5,Slovene,fin,no,[],23
1939,921979798,5,Slovene,mag,no,[],26
1940,938293209,5,Slovene,sch,no,[],30
1941,999793309,5,Slovene,mag,no,[],37
1942,12496041,6,No Parallel Text,bak,yes,[oth],35
1943,43855703,6,No Parallel Text,unk,no,[],35
1944,56371691,6,No Parallel Text,bak,no,[],24
1945,58063003,6,No Parallel Text,fin,no,[],35
1946,59576041,6,No Parallel Text,bak,no,[oth],33
1947,97165730,6,No Parallel Text,fin,no,[],34
1948,115003003,6,No Parallel Text,bak,no,[],35
1949,130023003,6,No Parallel Text,bak,no,[bel],35
1950,141035703,6,No Parallel Text,fin,no,[oth],35
1951,170966041,6,No Parallel Text,sch,no,[],35
1952,195966041,6,No Parallel Text,fin,no,[],33
1953,221939601,6,No Parallel Text,bak,no,[oth],35
1954,237933003,6,No Parallel Text,sch,no,[],30
1955,247775730,6,No Parallel Text,bak,no,[],35
1956,260675703,6,No Parallel Text,mag,no,[oth],31
1957,277873003,6,No Parallel Text,fin,no,[oth],35
1958,285685703,6,No Parallel Text,bak,yes,"[ukr, bel]",35
1959,297083003,6,No Parallel Text,fin,no,[oth],35
1960,338926041,6,No Parallel Text,bak,no,[oth],35
1961,391496041,6,No Parallel Text,fin,yes,[oth],35
1962,438965703,6,No Parallel Text,bak,no,[oth],35
1963,441696041,6,No Parallel Text,bak,no,[],35
1964,490093003,6,No Parallel Text,unk,unk,[],35
1965,567056041,6,No Parallel Text,fin,yes,[],35
1966,595376041,6,No Parallel Text,mag,no,[bel],30
1967,625215703,6,No Parallel Text,fin,no,[],33
1968,672563003,6,No Parallel Text,bak,no,[ukr],35
1969,696906041,6,No Parallel Text,mag,no,[oth],34
1970,702931944,6,No Parallel Text,fin,no,[ukr],33
1971,709996041,6,No Parallel Text,fin,no,[],31
1972,723486041,6,No Parallel Text,fin,no,[oth],19
1973,754515703,6,No Parallel Text,fin,no,[],35
1974,778056041,6,No Parallel Text,sch,no,[oth],32
1975,799635730,6,No Parallel Text,unk,unk,[],34
1976,822016041,6,No Parallel Text,sch,yes,[oth],35
1977,833913003,6,No Parallel Text,fin,no,[oth],35
1978,842713003,6,No Parallel Text,bak,no,"[ukr, oth]",35
1979,844353003,6,No Parallel Text,mag,no,[oth],33
1980,880126041,6,No Parallel Text,bak,no,[],34
1981,933075703,6,No Parallel Text,fin,no,[oth],34
1982,954122008,6,No Parallel Text,bak,no,[oth],35
1983,954626041,6,No Parallel Text,unk,unk,[],10
1984,978533373,6,No Parallel Text,bak,no,[oth],34
1985,998815703,6,No Parallel Text,unk,unk,[],26
1986,963003,6,Polish,bak,no,[oth],35
1987,48993003,6,Polish,bak,no,[],34
1988,51805703,6,Polish,mag,no,[oth],35
1989,83953003,6,Polish,sch,no,[oth],24
1990,95133003,6,Polish,unk,unk,[],29
1991,134573003,6,Polish,fin,no,[],32
1992,169933003,6,Polish,fin,no,[],34
1993,172505302,6,Polish,mag,no,[],29
1994,259286041,6,Polish,bak,no,[ukr],33
1995,302358501,6,Polish,bak,no,[ukr],30
1996,306165730,6,Polish,mag,no,[oth],34
1997,322743003,6,Polish,fin,no,[],16
1998,327563003,6,Polish,fin,no,[],23
1999,376986041,6,Polish,sch,no,[],35
2000,409913396,6,Polish,fin,no,[ukr],33
2001,434835730,6,Polish,unk,unk,[],29
2002,463453003,6,Polish,bak,no,[oth],35
2003,507496041,6,Polish,fin,yes,[oth],20
2004,530233003,6,Polish,unk,unk,[],32
2005,546173003,6,Polish,fin,no,[oth],35
2006,557725703,6,Polish,bak,yes,[oth],35
2007,561277266,6,Polish,fin,no,[],34
2008,565296880,6,Polish,bak,yes,[],34
2009,586565730,6,Polish,fin,no,[oth],35
2010,614689275,6,Polish,bak,yes,[],30
2011,623381663,6,Polish,bak,no,[oth],14
2012,639906041,6,Polish,bak,no,[oth],35
2013,654516041,6,Polish,fin,no,[oth],35
2014,669136041,6,Polish,fin,no,[oth],35
2015,674686041,6,Polish,bak,no,[ukr],32
2016,733605703,6,Polish,unk,unk,[],33
2017,782448137,6,Polish,bak,no,[],33
2018,798305121,6,Polish,bak,yes,[ukr],34
2019,850455703,6,Polish,fin,no,[],33
2020,907595703,6,Polish,sch,no,[ukr],35
2021,913315703,6,Polish,fin,no,[oth],24
2022,948583003,6,Polish,fin,no,[oth],35
2023,15965730,6,Serbian,sch,no,[oth],35
2024,26786041,6,Serbian,bak,yes,[oth],33
2025,40926041,6,Serbian,bak,no,"[ukr, bel, oth]",35
2026,49986041,6,Serbian,bak,yes,[ukr],35
2027,56855703,6,Serbian,fin,no,[oth],35
2028,75846041,6,Serbian,fin,yes,[oth],34
2029,78505730,6,Serbian,fin,yes,[oth],35
2030,99935703,6,Serbian,fin,no,[oth],27
2031,131005703,6,Serbian,mag,no,[oth],35
2032,155195703,6,Serbian,fin,no,"[ukr, oth]",35
2033,157175703,6,Serbian,fin,no,[oth],32
2034,217235703,6,Serbian,bak,yes,[],35
2035,257915703,6,Serbian,fin,no,[oth],35
2036,283526041,6,Serbian,mag,no,[oth],28
2037,296525703,6,Serbian,fin,no,[oth],35
2038,312036041,6,Serbian,fin,no,[oth],35
2039,335926041,6,Serbian,fin,no,[],35
2040,338696041,6,Serbian,bak,no,[oth],35
2041,361535730,6,Serbian,bak,no,[oth],7
2042,453335703,6,Serbian,bak,no,[oth],35
2043,470556041,6,Serbian,fin,no,[oth],35
2044,493495703,6,Serbian,sch,no,[oth],35
2045,561226041,6,Serbian,bak,no,[oth],35
2046,571835703,6,Serbian,sch,no,[oth],8
2047,597326041,6,Serbian,sch,no,[oth],35
2048,604366041,6,Serbian,sch,no,[oth],35
2049,614695703,6,Serbian,fin,yes,[],35
2050,661015703,6,Serbian,bak,no,[],31
2051,720645703,6,Serbian,bak,no,[],35
2052,755545703,6,Serbian,fin,no,[],35
2053,768145730,6,Serbian,fin,no,[oth],35
2054,777406041,6,Serbian,bak,no,[],24
2055,779345703,6,Serbian,fin,no,[],32
2056,783896041,6,Serbian,fin,no,[],24
2057,799785703,6,Serbian,bak,no,[],35
2058,800286041,6,Serbian,unk,unk,[],35
2059,813715703,6,Serbian,sch,no,[oth],34
2060,822876041,6,Serbian,fin,no,[oth],30
2061,824643003,6,Serbian,mag,no,[],35
2062,873955703,6,Serbian,mag,no,[oth],35
2063,879186041,6,Serbian,sch,yes,[],35
2064,885056041,6,Serbian,sch,no,[ukr],32
2065,941686041,6,Serbian,fin,no,[ukr],34
2066,943486041,6,Serbian,bak,no,[],35
2067,964955703,6,Serbian,bak,no,[],31
2068,965915703,6,Serbian,bak,no,[],35
2069,983575703,6,Serbian,asp,no,[bel],35
2070,983785730,6,Serbian,bak,yes,[oth],35
2071,986786041,6,Serbian,fin,no,[],24
2072,987256041,6,Serbian,sch,yes,[oth],35
2073,998265703,6,Serbian,fin,no,[],35
2074,999255703,6,Serbian,bak,no,[oth],33
2075,126041,6,Czech,fin,no,[ukr],35
2076,48145703,6,Czech,sch,no,[ukr],34
2077,100855703,6,Czech,fin,no,[oth],33
2078,130755703,6,Czech,fin,yes,[],35
2079,158225703,6,Czech,fin,no,"[ukr, bel]",35
2080,288785703,6,Czech,bak,no,[oth],33
2081,342485703,6,Czech,fin,no,[],32
2082,396875703,6,Czech,mag,yes,[ukr],34
2083,402186041,6,Czech,sch,no,[ukr],35
2084,404765703,6,Czech,fin,no,[],30
2085,406426041,6,Czech,bak,no,[oth],35
2086,413926041,6,Czech,fin,no,[],33
2087,472075703,6,Czech,mag,yes,[srb],33
2088,479875703,6,Czech,mag,no,[ukr],30
2089,492075730,6,Czech,fin,no,[],33
2090,516725730,6,Czech,fin,no,[oth],35
2091,534555703,6,Czech,fin,no,[oth],32
2092,544475703,6,Czech,bak,yes,[oth],32
2093,589735730,6,Czech,unk,unk,[],33
2094,590255703,6,Czech,fin,no,[oth],35
2095,624955703,6,Czech,bak,yes,[ukr],35
2096,645375703,6,Czech,fin,no,[oth],35
2097,658066041,6,Czech,fin,no,[oth],29
2098,659215703,6,Czech,fin,no,[oth],14
2099,674135703,6,Czech,fin,yes,[oth],27
2100,696125730,6,Czech,fin,no,[ukr],35
2101,730565703,6,Czech,fin,yes,[bel],29
2102,738976041,6,Czech,fin,no,[ukr],21
2103,742546041,6,Czech,fin,no,[oth],35
2104,743645703,6,Czech,fin,no,[oth],35
2105,780105703,6,Czech,bak,no,[],35
2106,795975703,6,Czech,sch,yes,[oth],31
2107,844895703,6,Czech,bak,no,[],33
2108,855325703,6,Czech,fin,yes,[srb],33
2109,859445703,6,Czech,fin,no,[],29
2110,886085703,6,Czech,fin,no,[oth],34
2111,974276041,6,Czech,fin,yes,[oth],33
2112,37660601,6,Ukranian,fin,no,[oth],35
2113,39983003,6,Ukranian,mag,no,[],33
2114,68673003,6,Ukranian,fin,no,[oth],34
2115,98513003,6,Ukranian,fin,no,[],35
2116,100295703,6,Ukranian,fin,yes,[oth],35
2117,110375730,6,Ukranian,fin,no,[],31
2118,136113003,6,Ukranian,unk,unk,[],30
2119,151913003,6,Ukranian,fin,no,[oth],35
2120,187573003,6,Ukranian,fin,no,[],35
2121,236986041,6,Ukranian,fin,no,[oth],35
2122,237163003,6,Ukranian,mag,no,[oth],34
2123,247295730,6,Ukranian,sch,no,[oth],34
2124,273665703,6,Ukranian,fin,no,[oth],35
2125,294675703,6,Ukranian,fin,no,[oth],35
2126,364883927,6,Ukranian,sch,no,[],31
2127,382245703,6,Ukranian,unk,unk,[],34
2128,402575703,6,Ukranian,bak,no,[],29
2129,414995730,6,Ukranian,fin,no,[oth],35
2130,416662193,6,Ukranian,mag,yes,[oth],30
2131,478443003,6,Ukranian,fin,no,[oth],35
2132,494746830,6,Ukranian,fin,no,[],35
2133,534104800,6,Ukranian,fin,no,[bel],34
2134,534275730,6,Ukranian,unk,unk,[],27
2135,543003003,6,Ukranian,bak,no,[],35
2136,550773003,6,Ukranian,fin,no,[oth],35
2137,553066041,6,Ukranian,bak,yes,[oth],33
2138,556095703,6,Ukranian,fin,no,[],35
2139,619020159,6,Ukranian,sch,no,[],34
2140,643906041,6,Ukranian,bak,no,[oth],27
2141,690685730,6,Ukranian,fin,no,[oth],35
2142,755693984,6,Ukranian,bak,no,[],31
2143,764053003,6,Ukranian,fin,no,[oth],35
2144,783396041,6,Ukranian,fin,no,[],35
2145,817025730,6,Ukranian,mag,no,[oth],32
2146,928105863,6,Ukranian,fin,no,[],35
2147,954305703,6,Ukranian,fin,no,[],35
2148,956866041,6,Ukranian,bak,yes,[oth],33
2149,52423003,6,Belorussian,fin,no,[oth],10
2150,80135523,6,Belorussian,fin,no,[ukr],35
2151,85675703,6,Belorussian,fin,no,[oth],34
2152,185935730,6,Belorussian,fin,no,[],34
2153,199335730,6,Belorussian,unk,unk,[],22
2154,208173003,6,Belorussian,fin,no,[ukr],34
2155,214096041,6,Belorussian,mag,no,[],34
2156,252465730,6,Belorussian,bak,no,[oth],35
2157,292785703,6,Belorussian,fin,no,[oth],34
2158,294375730,6,Belorussian,fin,no,[oth],32
2159,312265703,6,Belorussian,bak,no,[oth],35
2160,344743003,6,Belorussian,fin,no,[],35
2161,443753003,6,Belorussian,fin,no,[oth],25
2162,456873003,6,Belorussian,bak,no,[oth],35
2163,467785703,6,Belorussian,fin,no,[oth],35
2164,484706041,6,Belorussian,bak,no,[ukr],35
2165,516357796,6,Belorussian,bak,unk,[ukr],29
2166,518070536,6,Belorussian,bak,yes,[],34
2167,522435703,6,Belorussian,fin,no,[],35
2168,530896041,6,Belorussian,unk,unk,[],33
2169,544365287,6,Belorussian,bak,no,"[pol, ukr]",33
2170,585203003,6,Belorussian,fin,no,[ukr],32
2171,587623003,6,Belorussian,fin,no,[oth],35
2172,589663003,6,Belorussian,fin,no,[ukr],35
2173,606384057,6,Belorussian,fin,no,[oth],34
2174,721755703,6,Belorussian,fin,no,[],32
2175,741025703,6,Belorussian,bak,no,[ukr],33
2176,748575703,6,Belorussian,bak,no,[oth],35
2177,771775703,6,Belorussian,bak,no,[oth],34
2178,808476041,6,Belorussian,sch,no,[ukr],34
2179,820096041,6,Belorussian,fin,no,[],27
2180,829506639,6,Belorussian,mag,yes,[],35
2181,835568777,6,Belorussian,bak,no,[],31
2182,845193003,6,Belorussian,fin,no,[ukr],35
2183,851706041,6,Belorussian,fin,no,[],35
2184,916383003,6,Belorussian,fin,yes,[oth],34
2185,957293003,6,Belorussian,fin,no,[oth],34
2186,814408,6,Bulgarian,fin,no,[],35
2187,13716041,6,Bulgarian,sch,no,[oth],35
2188,60666041,6,Bulgarian,sch,yes,[oth],34
2189,60685703,6,Bulgarian,fin,no,[ukr],35
2190,102615703,6,Bulgarian,bak,no,[oth],35
2191,104696041,6,Bulgarian,fin,yes,[ukr],35
2192,136995703,6,Bulgarian,asp,no,[ukr],35
2193,153045703,6,Bulgarian,sch,no,[],29
2194,199255703,6,Bulgarian,sch,no,[oth],35
2195,219985703,6,Bulgarian,fin,no,[oth],35
2196,278495703,6,Bulgarian,fin,yes,[oth],34
2197,281655703,6,Bulgarian,mag,no,[],35
2198,384405703,6,Bulgarian,bak,no,[oth],35
2199,395815703,6,Bulgarian,fin,no,[],35
2200,409076041,6,Bulgarian,bak,no,"[ukr, bel]",33
2201,412365703,6,Bulgarian,mag,yes,[],31
2202,425206041,6,Bulgarian,sch,yes,[oth],33
2203,519666041,6,Bulgarian,fin,no,"[pol, ukr, oth]",35
2204,527255703,6,Bulgarian,bak,no,[],35
2205,552615703,6,Bulgarian,fin,no,[oth],34
2206,561155703,6,Bulgarian,fin,no,[ukr],35
2207,562515703,6,Bulgarian,fin,no,[oth],25
2208,603915730,6,Bulgarian,unk,unk,[],33
2209,616265703,6,Bulgarian,fin,no,[],32
2210,618246041,6,Bulgarian,unk,unk,[],34
2211,626965703,6,Bulgarian,sch,no,[oth],35
2212,674126041,6,Bulgarian,fin,no,[oth],33
2213,701005703,6,Bulgarian,mag,no,[],34
2214,706015703,6,Bulgarian,sch,no,[ukr],16
2215,718665703,6,Bulgarian,fin,yes,[ukr],35
2216,765375703,6,Bulgarian,fin,no,[oth],34
2217,817796041,6,Bulgarian,bak,no,[oth],35
2218,827055703,6,Bulgarian,mag,no,[oth],34
2219,874365703,6,Bulgarian,bak,no,[],24
2220,917745703,6,Bulgarian,bak,no,[],35
2221,960385703,6,Bulgarian,fin,no,[oth],35
2222,968285703,6,Bulgarian,fin,no,[ukr],35
2223,923309,6,Slovene,fin,yes,"[pol, ukr, bel]",35
2224,13433209,6,Slovene,fin,no,[oth],34
2225,14633309,6,Slovene,bak,no,[],33
2226,23233309,6,Slovene,unk,unk,[],34
2227,140943209,6,Slovene,fin,no,[],24
2228,240763309,6,Slovene,fin,no,[oth],35
2229,252843209,6,Slovene,fin,no,[oth],34
2230,267243309,6,Slovene,fin,yes,"[ukr, bel]",32
2231,275593309,6,Slovene,fin,no,[],28
2232,293303209,6,Slovene,fin,no,[oth],35
2233,345463309,6,Slovene,fin,no,[],35
2234,356483309,6,Slovene,asp,no,[],32
2235,391383409,6,Slovene,fin,no,[],35
2236,430183309,6,Slovene,mag,no,[],35
2237,514713309,6,Slovene,fin,no,[oth],35
2238,572934792,6,Slovene,mag,no,[],35
2239,621043209,6,Slovene,fin,no,[ukr],18
2240,623413309,6,Slovene,fin,no,[oth],32
2241,685652528,6,Slovene,bak,no,[],21
2242,689533209,6,Slovene,fin,no,[oth],35
2243,698183309,6,Slovene,sch,no,[oth],35
2244,700933309,6,Slovene,asp,yes,[oth],35
2245,706933209,6,Slovene,sch,no,[oth],35
2246,728113209,6,Slovene,bak,unk,[oth],25
2247,731573209,6,Slovene,mag,no,[oth],23
2248,783223209,6,Slovene,fin,no,[oth],33
2249,810183209,6,Slovene,mag,no,[bel],29
2250,852003209,6,Slovene,fin,yes,[],34
2251,852212036,6,Slovene,bak,yes,[],34
2252,871273209,6,Slovene,fin,no,[],35
2253,880153209,6,Slovene,fin,no,[ukr],34
2254,908803209,6,Slovene,bak,yes,[],31
2255,913343209,6,Slovene,bak,yes,[oth],14
2256,917143209,6,Slovene,fin,no,[oth],35
2257,918893309,6,Slovene,bak,no,[oth],35
2258,967583209,6,Slovene,fin,no,[oth],28
